PRAGMA	foreign_keys	=	ON;

-- Jogo
INSERT INTO Jogo (game_ID, nome, descricao, data_lancamento, preco_atual, rating, players_online, peak_players, idade_minima)
VALUES
  (1, 'Counter-Strike 2', 'Ao longo de mais de duas décadas, o Counter‑Strike ofereceu uma experiência competitiva de elite, moldada por milhões de jogadores de todo o mundo. Agora, o próximo capítulo da história do CS está prestes a começar: Counter‑Strike 2.', '21-08-2012', 0, 4.35, 768486, 1043274, 17),
  (2, 'Dota 2', 'Todos os dias, milhões de jogadores de todo o mundo levam um de mais de 100 heróis para a luta. Estejam a jogar há 10 ou 1000 horas, há sempre algo para descobrir. Com mecânicas, recursos e heróis sempre em evolução graças a atualizações regulares, o Dota 2 é mais do que um jogo.', '09-07-2013', 0, 4.1, 519274, 654877, 16),
  (3, 'PUBG: BATTLEGROUNDS', 'Todos os dias, milhões de jogadores de todo o mundo levam um de mais de 100 heróis para a luta. Estejam a jogar há 10 ou 1000 horas, há sempre algo para descobrir. Com mecânicas, recursos e heróis sempre em evolução graças a atualizações regulares, o Dota 2 é mais do que um jogo.', '21-12-2017', 0, 2.85, 150363, 455176, 16),
  (4, 'Call of Duty®: Modern Warfare® III', 'Damos-te as boas-vindas ao Call of Duty® HQ, a base do Call of Duty®: Modern Warfare® III, Call of Duty®: Modern Warfare® II e Warzone™.', '23-10-2022', 69.99, 2.75, 129608, 129608, 17),
  (5, 'Baldur’s Gate 3', 'Baldur’s Gate 3 is a story-rich, party-based RPG set in the universe of Dungeons & Dragons, where your choices shape a tale of fellowship and betrayal, survival and sacrifice, and the lure of absolute power.', '03-08-2023', 59.99, 4.8, 118610, 119234, 17),
  (6, 'Apex Legends™', 'Apex Legends é o premiado jogo de tiros com Heróis grátis da Respawn Entertainment. Controla um elenco em constante evolução de personagens Lendárias com habilidades poderosas e diverte-te com a jogabilidade por esquadrões estratégica e inovadora nesta próxima evolução do Battle Royale.', '05-11-2020', 0, 3.95, 104220, 346731, 16),
  (7, 'Rust', 'The only aim in Rust is to survive. Everything wants you to die - the island’s wildlife and other inhabitants, the environment, other survivors. Do whatever it takes to last another night.', '08-02-2018', 39.99, 4.35, 99225, 102068, 17),
  (8, 'Grand Theft Auto V', 'Grand Theft Auto V para PC oferece aos jogadores a opção de explorar o gigantesco e premiado mundo de Los Santos e Blaine County em resoluções de até 4K e além, assim como a chance de experimentar o jogo rodando a 60 FPS (quadros por segundo).', '14-04-2015', 39.98, 4.3, 81597, 139673, 17),
  (9, 'Lost Ark', 'Embark on an odyssey for the Lost Ark in a vast, vibrant world: explore new lands, seek out lost treasures, and test yourself in thrilling action combat in this action-packed free-to-play RPG.', '11-02-2022', 0, 3.55, 79161, 80342, 16),
  (10, 'Football Manager 2024', 'Constrói uma equipa de classe mundial pronta a dominar todos os rivais nas competições futebolísticas de maior prestígio. O progresso nunca termina quando persegues a perfeição no mundo do futebol.', '06-11-2023', 59.99, 4.2, 74080, 75181, 3),
  (11, 'War Thunder', 'War Thunder é um MMO de combate grátis, dedicado a veículos militares dos períodos da 2ª Guerra Mundial e Guerra da Coreia. Lute em grandes batalhas no ar, terra e mar, com jogadores internacionais num ambiente sempre em desenvolvimento.', '15-08-2013', 0, 3.75, 62498, 78605, 12),
  (12, 'Team Fortress 2', 'Nine distinct classes provide a broad range of tactical abilities and personalities. Constantly updated with new game modes, maps, equipment and, most importantly, hats!', '10-10-2007', 0, 4.65, 68303, 71193, 12),
  (13, 'DayZ', 'Quanto tempo sobreviverás num mundo pós-apocalíptico, cheio de infetados, onde competes por recursos limitados com outros sobreviventes? Unirás esforços com estranhos para aumentares as hipóteses de sobrevivência? Ou serás um lobo solitário? Isto é DayZ – isto é a tua história.', '13-12-2018', 39.99, 3.75, 53872, 56642, 18),
  (14, 'Unturned', 'És um sobrevivente num mundo infestado de zombies, e tens de colaborar com os teus amigos e forjar alianças para te manteres vivo.', '07-07-2017', 0, 5, 51673, 56583, 12),
  (15, 'ARK: Survival Ascended', 'A Ark é reimaginada desde o início nesta próxima geração de tecnologia de videogame com Unreal Engine 5! Formar uma tribo, manso e raça centenas de dinossauros exclusivos e criaturas primitivas, explore, artesanato, construa e lute para o topo da cadeia de alimentos. Seu novo mundo aguarda!', '26-10-2023', 44.99, 2.8, 53872, 53891, 16),
  (16, 'Wallpaper Engine', 'Use wallpapers animados deslumbrantes na sua área de trabalho. Anime as suas próprias imagens para criar wallpapers novos ou importe vídeos/websites e partilhe-os no Steam Workshop!', '01-11-2018', 3.99, 4.9, 39782, 116116, 3),
  (17, 'Tom Clancy’s Rainbow Six® Siege', 'Tom Clancy’s Rainbow Six® Siege é um shooter tático de elite em equipas, em que um planeamento e uma execução superiores são essenciais para vencer.', '01-12-2015', 19.99, 4.3, 42964, 49366, 18),
  (18, 'Sid Meier’s Civilization® VI', 'O Civilization VI oferece novas formas de interagires com o teu mundo, expandires o teu império através do mapa, avançares a tua cultura e competires contra os maiores líderes históricos para construíres uma civilização que resistirá ao passar do tempo.', '21-10-2016', 15.11, 4.25, 41839, 53841, 10),
  (19, 'Farming Simulator 22', 'Cria a tua quinta e colhe o que semeares! Trata das colheitas, cuida de animais, gere produções e enfrenta desafios sazonais.', '22-11-2021', 19.99, 4.55, 36276, 42247, 3),
  (20, 'Euro Truck Simulator 2', 'Travel across Europe as king of the road, a trucker who delivers important cargo across impressive distances! With dozens of cities to explore, your endurance, skill and speed will all be pushed to their limits.', '11-10-2012', 9.99, 4.85, 34979, 42656, 3),
  (21, 'EA SPORTS FC™ 24', 'O EA SPORTS FC™ 24 dá-vos as boas-vindas ao The World’s Game: a experiência mais realista do futebol de sempre com HyperMotionV, Estilos de Jogo otimizados pela Opta e um Motor Frostbite™ aperfeiçoado.', '28-09-2023', 69.99, 2.7, 37822, 45468, 13),
  (22, 'Hearts of iron IV', 'Victory is at your fingertips! Your ability to lead your nation is your supreme weapon, the strategy game Hearts of Iron IV lets you take command of any nation in World War II; the most engaging conflict in world history.', '6-06-2016', 39.99, 4.6, 36926, 44206, 7),
  (23, 'Lethal Company', 'A co-op horror about scavenging at abandoned moons to sell scrap to the Company.', '23-10-2023', 9.75, 4.85, 45623, 60838, 12),
  (24, 'Warframe', 'Desperte como um guerreiro imparável e lute ao lado de seus amigos neste jogo de ação online gratuito com histórias envolventes.', '25-03-2013', 0, 4.3, 37303, 63611, 13),
  (25, 'Dead by Daylight', 'Dead by Daylight is a multiplayer (4vs1) horror game where one player takes on the role of the savage Killer, and the other four players play as Survivors, trying to escape the Killer and avoid being caught and killed.', '14-06-2016', 19.99, 4, 36012, 39024, 12),
  (26, 'Cyberpunk 2077', 'Cyberpunk 2077 é um RPG de ação num mundo aberto que decorre em Night City, uma megalópole perigosa onde todos estão obcecados pelo poder, glamour e alterações ao corpo.', '10-12-2020', 59.99, 4.05, 36600, 41162, 17),
  (27, 'ARK: Survival Evolved', 'Stranded on the shores of a mysterious island, you must learn to survive. Use your cunning to kill or tame the primeval creatures roaming the land, and encounter other players to survive, dominate... and escape!', '27-08-2017', 14.79, 4.15, 34624, 46735, 16),
  (28, 'Rocket League', 'Futebol e condução encontram-se uma vez mais na aguardada sequela do clássico de arena baseado na física que conquistou os jogadores, o Supersonic Acrobatic Rocket-Powered Battle-Cars!', '07-07-2015', 0, 4.45, 33897, 33897, 13),
  (29, '7 Days to Die', '7 Days to Die is an open-world game that is a unique combination of first-person shooter, survival horror, tower defense, and role-playing games. Play the definitive zombie survival sandbox RPG that came first. Navezgane awaits!', '13-12-2013', 22.99, 4.4, 30211, 39882, 13),
  (30, 'Destiny 2', 'Destiny 2 é um jogo de ação MMO com um mundo em evolução, onde tu e os teus amigos podem entrar a qualquer hora, em qualquer lugar, totalmente grátis.', '01-10-2019', 0, 4.05, 31447, 31647, 13),
  (31, 'New World', 'Explore a thrilling, open-world MMO filled with danger and opportunity where you’ll forge a new destiny on the supernatural island of Aeternum.', '28-09-2021', 37.99, 3.5, 30005, 30837, 18),
  (32, 'The Sims™ 4', 'Aprecia o poder de criares e controlares pessoas num mundo virtual onde não há regras. Sê poderoso e livre, diverte-te e joga com a vida!', '02-09-2014', 0, 4.35, 29420, 30631, 12),
  (33, 'Stardew Valley', 'You’ve inherited your grandfather’s old farm plot in Stardew Valley. Armed with hand-me-down tools and a few coins, you set out to begin your new life. Can you learn to live off the land and turn these overgrown fields into a thriving home?', '29-02-2016', 13.99, 4.9, 28762, 32265, 12),
  (34, 'Phasmophobia', 'Phasmophobia is a 4 player online co-op psychological horror. Paranormal activity is on the rise and it’s up to you and your team to use all the ghost-hunting equipment at your disposal in order to gather as much evidence as you can.', '18-09-2022', 11.59, 4.8, 26286, 28845, 16),
  (35, 'Project Zomboid', 'Project Zomboid is the ultimate in zombie survival. Alone or in MP: you loot, build, craft, fight, farm and fish in a struggle to survive. A hardcore RPG skillset, a vast map, massively customisable sandbox and a cute tutorial raccoon await the unwary. So how will you die? All it takes is a bite..', '8-11-2013', 19.50, 4.7, 28700, 29878, 12),
  (36, 'Terraria', 'Escave, lute, explore, construa! Nada é impossível neste jogo de aventura cheio de ação. Pacote com Quatro também disponível!', '16-05-2011', 9.75, 4.85, 26719, 38735, 13),
  (37, 'PAYDAY 2', 'PAYDAY 2 é um jogo FPS de ação cooperativo de quatro jogadores que permite os jogadores a jogar na pele da gangue PAYDAY original - Dallas, Hoxton, Wolf e Chains - enquanto vão para Washington DC para uma épica série de crimes.', '13-08-2013', 9.99, 4.45, 27341, 31575, 18),
  (38, 'NARAKA: BLADEPOINT', 'NARAKA: BLADEPOINT é um jogo de luta de 60 jogadores que oferece uma grande mobilidade graças às técnicas de parkour e gancho, um vasto arsenal de armas brancas e de distância e personagens com capacidades poderosas. Transforme-se em um guerreiro Vajra gigante e arrase o seu inimigo!', '12-08-2021', 0, 3.37, 20776, 277089, 12),
  (39, 'Valheim', 'Um brutal jogo de exploração e sobrevivência para 1 a 10 jogadores, ambientado em um purgatório gerado de forma procedural, inspirado na cultura viking. Batalhe, construa e conquiste glória em uma saga digna da benção de Odin!', '02-02-2021', 19.99, 4.75, 25733, 26657, 16),
  (40, 'MIR4', 'MIR4 is a free-to-play open world K-fantasy MMORPG that can be cross-played on both PC and mobile devices. MIR4 is full of action and features numerous large scale clan PVP battles. Join now and become a legend.', '25-08-2021', 0, 3.2, 26322, 28292, 15),
  (41, 'Hunt: Showdown', 'Hunt: Showdown é um jogo de tiro em primeira pessoa PvPvE emocionante e de alto risco. Derrote monstros assustadores enquanto luta pelas recompensas que lhe trarão glória, equipamento e ouro nesta experiência multijogador online implacável e inesquecível.', '27-08-2019', 49.98, 4.1, 23081, 25460, 18),
  (42, 'Garry’s Mod', 'Garry’s Mod is a physics sandbox. There aren’t any predefined aims or goals. We give you the tools and leave you to play.', '29-11-2006', 9.99, 4.8, 22548, 25866, 13),
  (43, 'ELDEN RING', 'O NOVO RPG DE AÇÃO E FANTASIA. Ergue-te, Maculado, e deixa-te guiar pela graça para brandires o poder do Elden Ring e tornares-te um Lorde Elden nas Terras Intermédias.', '24-02-2022', 59.99, 4.6, 24541, 37405, 16),
  (44, 'Red Dead Redemption 2', 'Winner of over 175 Game of the Year Awards and recipient of over 250 perfect scores, RDR2 is the epic tale of outlaw Arthur Morgan and the infamous Van der Linde gang, on the run across America at the dawn of the modern age. Also includes access to the shared living world of Red Dead Online.', '05-12-2019', 59.99, 4.5, 22219, 41957, 18),
  (45, 'FINAL FANTASY XIV Online', 'Join over 27 million adventurers worldwide and take part in an epic and ever-changing FINAL FANTASY. Experience an unforgettable story, exhilarating battles, and a myriad of captivating environments to explore.', '18-02-2014', 9.99, 4.4, 23914, 24292, 16),
  (46, 'Satisfactory', 'Satisfactory is a first-person open-world factory building game with a dash of exploration and combat. Play alone or with friends, explore an alien planet, create multi-story factories, and enter conveyor belt heaven!', '08-06-2020', 29.99, 4.85, 22752, 23508, 17),
  (47, 'Starfield', 'Starfield é o primeiro novo universo criado nos últimos 25 anos pela Bethesda Game Studios, a galardoada equipa responsável pelo The Elder Scrolls V: Skyrim e pelo Fallout 4.', '06-09-2023', 69.99, 3.5, 23454, 23519, 18),
  (48, 'Europa Universalis IV', 'Europa Universalis IV dá-te o controlo de uma nação durante quatro séculos dramáticos. Governa a tua terra e domina o mundo com liberdade, profundidade e precisão histórica incomparáveis. Escreve uma nova história do mundo e ergue um império notável.', '13-08-2013', 39.99, 4.3, 21803, 22837, 12),
  (49, 'The Elder Scrolls V: Skyrim Special Edition', 'Winner of more than 200 Game of the Year Awards, Skyrim Special Edition brings the epic fantasy to life in stunning detail. The Special Edition includes the critically acclaimed game and add-ons with all-new features like remastered art and effects, volumetric god rays, dynamic depth of field, screen-space reflections, and more.', '28-10-2016', 39.99, 4.7, 22279, 22560, 18),
  (50, 'Cities: Skylines II', 'Ergue uma cidade de raiz e torna-a uma metrópole com a construção de cidades mais realista. Puxa pela criatividade e capacidade de resolver problemas a uma escala inédita. Descobre a construção de mundos ilimitada, com simulações profundas e economias vivas.', '24-10-2023', 49.99, 2.8, 21206, 23808, 3);

-- Genero
INSERT INTO Genero (gen_ID, nome)
VALUES
  (1, 'FPS'),
  (2, 'Ação'),
  (3, 'Multiplayer'),
  (4, 'MOBA'),
  (5, 'Estratégia'),
  (6, 'Sobrevivência'),
  (7, 'Battle Royale'),
  (8, 'Singleplayer'),
  (9, 'RPG'),
  (10, 'Aventura'),
  (11, 'Mundo Aberto'),
  (12, 'Desporto'),
  (13, 'Histórico'),
  (14, 'Combate de Veículos'),
  (15, 'Engraçado'),
  (16, 'Terror'),
  (17, 'Zombies'),
  (18, 'Utilidades'),
  (19, 'Agricultura'),
  (20, 'Transportes'),
  (21, 'Romance'),
  (22, 'Gestão de Cidades');

-- Pertence
INSERT INTO Pertence (game_ID, gen_ID)
VALUES
  (1, 1),
  (1, 2),
  (1, 3),
  (2, 1),
  (2, 2),
  (2, 4),
  (2, 3),
  (3, 7),
  (3, 2),
  (3, 6),
  (3, 1),
  (3, 3),
  (4, 1),
  (4, 2),
  (4, 3),
  (4, 8),
  (5, 9),
  (5, 10),
  (5, 6),
  (5, 3),
  (6, 1),
  (6, 2),
  (6, 3),
  (6, 7),
  (7, 1),
  (7, 3),
  (7, 2),
  (7, 11),
  (7, 6),
  (8, 11),
  (8, 2),
  (8, 3),
  (8, 8),
  (9, 9),
  (9, 10),
  (9, 3),
  (9, 2),
  (10, 3),
  (10, 5),
  (10, 8),
  (10, 12),
  (11, 2),
  (11, 3),
  (11, 13),
  (11, 14),
  (12, 1),
  (12, 2),
  (12, 3),
  (12, 15),
  (13, 2),
  (13, 6),
  (13, 11),
  (13, 16),
  (13, 17),
  (14, 2),
  (14, 6),
  (14, 11),
  (14, 17),
  (14, 3),
  (15, 2),
  (15, 3),
  (15, 6),
  (15, 10),
  (15, 11),
  (16, 18),
  (17, 1),
  (17, 2),
  (17, 3),
  (18, 5),
  (18, 8),
  (18, 13),
  (18, 3),
  (19, 19),
  (19, 3),
  (19, 11),
  (20, 3),
  (20, 11),
  (20, 20),
  (21, 3),
  (21, 12),
  (22, 2),
  (22, 3),
  (22, 5),
  (22, 8),
  (22, 9),
  (23, 2),
  (23, 3),
  (23, 6),
  (23, 16),
  (24, 2),
  (24, 3),
  (24, 8),
  (24, 9),
  (25, 2),
  (25, 3),
  (25, 6),
  (25, 16),
  (26, 2),
  (26, 8),
  (26, 9),
  (26, 11),
  (27, 2),
  (27, 3),
  (27, 6),
  (27, 9),
  (27, 10),
  (27, 11),
  (28, 2),
  (28, 3),
  (28, 12),
  (29, 2),
  (29, 3),
  (29, 6),
  (29, 11),
  (29, 5),
  (29, 17),
  (30, 2),
  (30, 3),
  (30, 10),
  (30, 11),
  (30, 1),
  (31, 2),
  (31, 3),
  (31, 8),
  (31, 9),
  (31, 10),
  (32, 3),
  (32, 8),
  (32, 15),
  (32, 21),
  (32, 10),
  (33, 3),
  (33, 8),
  (33, 19),
  (33, 9),
  (34, 2),
  (34, 3),
  (34, 8),
  (34, 16),
  (35, 3),
  (35, 6),
  (35, 8),
  (35, 11),
  (35, 17),
  (36, 3),
  (36, 6),
  (36, 8),
  (36, 10),
  (36, 11),
  (37, 1),
  (37, 2),
  (37, 3),
  (37, 8),
  (37, 5),
  (38, 2),
  (38, 3),
  (38, 7),
  (38, 6),
  (39, 3),
  (39, 8),
  (39, 6),
  (39, 10),
  (39, 11),
  (39, 2),
  (40, 2),
  (40, 3),
  (40, 9),
  (40, 11),
  (41, 2),
  (41, 17),
  (41, 7),
  (41, 1),
  (41, 3),
  (41, 11),
  (42, 15),
  (42, 3),
  (42, 8),
  (42, 2),
  (43, 2),
  (43, 3),
  (43, 8),
  (43, 11),
  (44, 11),
  (44, 2),
  (44, 3),
  (44, 8),
  (44, 10),
  (45, 9),
  (45, 2),
  (45, 3),
  (45, 10),
  (45, 11),
  (46, 5),
  (46, 10),
  (46, 11),
  (46, 3),
  (46, 8),
  (47, 8),
  (47, 10),
  (47, 11),
  (47, 9),
  (47, 2),
  (48, 5),
  (48, 3),
  (48, 8),
  (48, 13),
  (49, 9),
  (49, 8),
  (49, 10),
  (49, 2),
  (49, 11),
  (50, 8),
  (50, 3),
  (50, 5),
  (50, 22);

-- Desenvolvedor
INSERT INTO Desenvolvedor (dev_ID, nome, contactos)
VALUES
  (1, 'Valve', 'contact@valve.com'),
  (2, 'KRAFTON, Inc.', 'contact@krafton.com'),
  (3, 'Activision', 'contact@activision.com'),
  (4, 'Larian Studios', 'contact@larianstudios.com'),
  (5, 'Respawn Entertainment', 'contact@respawnentertainment.com'),
  (6, 'Facepunch Studios', 'contact@facepunchstudios.com'),
  (7, 'Rockstar Games', 'contact@rockstargames.com'),
  (8, 'Smilegate RPG', 'contact@smilegaterpg.com'),
  (9, 'Sports Interactive', 'contact@sportsinteractive.com'),
  (10, 'Gaijin', 'contact@gaijin.com'),
  (11, 'Bohemia Interactive', 'contact@bohemiainteractive.com'),
  (12, 'Smartly Dressed Games', 'contact@smartlydressedgames.com'),
  (13, 'Studio Wildcard', 'contact@studiowildcard.com'),
  (14, 'Wallpaper Engine Team', 'contact@wallpaperengineteam.com'),
  (15, 'Ubisoft', 'contact@ubisoft.com'),
  (16, 'Firaxis Games', 'contact@firaxisgames.com'),
  (17, 'Giants Software', 'contact@giantssoftware.com'),
  (18, 'SCS Software', 'contact@scssoftware.com'),
  (19, 'Electronic Arts', 'contact@electronicarts.com'),
  (20, 'Paradox Interactive', 'contact@paradoxinteractive.com'),
  (21, 'Zeekerss', 'contact@zeekerss.com'),
  (22, 'Digital Extremes', 'contact@digitalextremes.com'),
  (23, 'Behavior Interactive Inc.', 'contact@behaviorinteractive.com'),
  (24, 'CD PROJEKT RED', 'contact@cdprojektred.com'),
  (25, 'Psyonix LLC', 'contact@psyonixllc.com'),
  (26, 'The Fun Pimps', 'contact@thefunpimps.com'),
  (27, 'Bungie', 'contact@bungie.com'),
  (28, 'Amazon Games', 'contact@amazongames.com'),
  (29, 'ConcernedApe', 'contact@concernedApe.com'),
  (30, 'Kinetic Games', 'contact@kineticgames.com'),
  (31, 'The Indie Stone', 'contact@theindiestone.com'),
  (32, 'Re-Logic', 'contact@re-logic.com'),
  (33, 'OVERKILL', 'contact@starbreeze.com'),
  (34, '24 Entertainment', 'contact@24entertainment.com'),
  (35, 'Iron Gate AB', 'contact@irongateab.com'),
  (36, 'Wemade', 'contact@wemade.com'),
  (37, 'Crytek', 'contact@crytek.com'),
  (38, 'FromSoftware Inc.', 'contact@fromsoftware.com'),
  (39, 'Square Enix', 'contact@squareenix.com'),
  (40, 'Coffee Stain', 'contact@coffeestain.com'),
  (41, 'Bethesda', 'contact@bethesda.com'),
  (42, 'Colossal Order Ltd.', 'contact@colossalorder.com');

-- Criado
INSERT INTO Criado (game_ID, dev_ID)
VALUES
  (1, 1),
  (2, 1),
  (3, 2),
  (4, 3),
  (5, 4),
  (6, 5),
  (7, 6),
  (8, 7),
  (9, 8),
  (10, 9),
  (11, 10),
  (12, 1),
  (13, 11),
  (14, 12),
  (15, 13),
  (16, 14),
  (17, 15),
  (18, 16),
  (19, 17),
  (20, 18),
  (21, 19),
  (22, 20),
  (23, 21),
  (24, 22),
  (25, 23),
  (26, 24),
  (27, 13),
  (28, 25),
  (29, 26),
  (30, 27),
  (31, 28),
  (32, 19),
  (33, 29),
  (34, 30),
  (35, 31),
  (36, 32),
  (37, 33),
  (38, 34),
  (39, 35),
  (40, 36),
  (41, 37),
  (42, 6),
  (43, 38),
  (44, 7),
  (45, 39),
  (46, 40),
  (47, 41),
  (48, 20),
  (49, 41),
  (50, 42);

-- Publicador
INSERT INTO Publicador (pub_ID, nome, contactos)
VALUES
  (1, 'Valve', 'contact@valve.com'),
  (2, 'KRAFTON, Inc.', 'contact@krafton.com'),
  (3, 'Activision', 'contact@activision.com'),
  (4, 'Larian Studios', 'contact@larianstudios.com'),
  (5, 'Electronic Arts', 'contact@electronicarts.com'),
  (6, 'Facepunch Studios', 'contact@facepunchstudios.com'),
  (7, 'Rockstar Games', 'contact@rockstargames.com'),
  (8, 'Amazon Games', 'contact@amazongames.com'),
  (9, 'SEGA', 'contact@sega.com'),
  (10, 'Gaijin', 'contact@gaijin.com'),
  (11, 'Bohemia Interactive', 'contact@bohemiainteractive.com'),
  (12, 'Smartly Dressed Games', 'contact@smartlydressedgames.com'),
  (13, 'Studio Wildcard', 'contact@studiowildcard.com'),
  (14, 'Wallpaper Engine Team', 'contact@wallpaperengineteam.com'),
  (15, 'Ubisoft', 'contact@ubisoft.com'),
  (16, '2K', 'contact@2k.com'),
  (17, 'Giants Software', 'contact@giantssoftware.com'),
  (18, 'SCS Software', 'contact@scssoftware.com'),
  (19, 'Paradox Interactive', 'contact@paradoxinteractive.com'),
  (20, 'Zeekerss', 'contact@zeekerss.com'),
  (21, 'Digital Extremes', 'contact@digitalextremes.com'),
  (22, 'Behavior Interactive Inc.', 'contact@behaviorinteractive.com'),
  (23, 'CD PROJEKT RED', 'contact@cdprojektred.com'),
  (24, 'Psyonix LLC', 'contact@psyonixllc.com'),
  (25, 'The Fun Pimps', 'contact@thefunpimps.com'),
  (26, 'Bungie', 'contact@bungie.com'),
  (27, 'ConcernedApe', 'contact@concernedApe.com'),
  (28, 'Kinetic Games', 'contact@kineticgames.com'),
  (29, 'The Indie Stone', 'contact@theindiestone.com'),
  (30, 'Re-Logic', 'contact@re-logic.com'),
  (31, 'Starbreeze Publishing AB', 'contact@starbreeze.com'),
  (32, 'NetEase Games Global', 'contact@neteasegamesglobal.com'),
  (33, 'Coffee Stain', 'contact@coffeestain.com'),
  (34, 'Wemade', 'contact@wemade.com'),
  (35, 'Crytek', 'contact@crytek.com'),
  (36, 'FromSoftware Inc.', 'contact@fromsoftware.com'),
  (37, 'Square Enix', 'contact@squareenix.com'),
  (38, 'Bethesda', 'contact@bethesda.com');

-- Publicado
INSERT INTO Publicado (game_ID, pub_ID)
VALUES
  (1, 1),
  (2, 1),
  (3, 2),
  (4, 3),
  (5, 4),
  (6, 5),
  (7, 6),
  (8, 7),
  (9, 8),
  (10, 9),
  (11, 10),
  (12, 1),
  (13, 11),
  (14, 12),
  (15, 13),
  (16, 14),
  (17, 15),
  (18, 16),
  (19, 17),
  (20, 18),
  (21, 5),
  (22, 19),
  (23, 20),
  (24, 21),
  (25, 22),
  (26, 23),
  (27, 13),
  (28, 24),
  (29, 25),
  (30, 26),
  (31, 8),
  (32, 5),
  (33, 27),
  (34, 28),
  (35, 29),
  (36, 30),
  (37, 31),
  (38, 32),
  (39, 33),
  (40, 34),
  (41, 35),
  (42, 1),
  (43, 36),
  (44, 7),
  (45, 37),
  (46, 33),
  (47, 38),
  (48, 19),
  (49, 38),
  (50, 19);

-- Preco
INSERT INTO Preco (game_ID, valor, data_in, data_fim)
VALUES
  (1, 0, '01-01-2023', '31-03-2023'),
  (1, 0, '01-04-2023', '30-06-2023'),
  (1, 0, '01-07-2023', '30-09-2023'),
  (2, 0, '01-01-2023', '28-02-2023'),
  (2, 0, '01-03-2023', '31-05-2023'),
  (2, 0, '01-06-2023', '31-08-2023'),
  (2, 0, '01-09-2023', '31-12-2023'),
  (3, 0, '01-01-2023', '31-03-2023'),
  (3, 0, '01-04-2023', '30-06-2023'),
  (3, 0, '01-07-2023', '30-09-2023'),
  (4, 69.99, '23-10-2022', '31-12-2022'),
  (4, 59.99, '01-01-2023', '31-03-2023'),
  (4, 49.99, '01-04-2023', '30-06-2023'),
  (4, 69.99, '01-07-2023', '30-09-2023'),
  (4, 69.99, '01-10-2023', '31-12-2023'),
  (5, 59.99, '03-08-2023', '31-08-2023'),
  (5, 49.99, '01-09-2023', '30-09-2023'),
  (5, 59.99, '01-10-2023', '31-10-2023'),
  (5, 59.99, '01-11-2023', '30-11-2023'),
  (5, 59.99, '01-12-2023', '31-12-2023'),
  (6, 0, '01-01-2023', '31-03-2023'),
  (6, 0, '01-04-2023', '30-06-2023'),
  (6, 0, '01-07-2023', '30-09-2023'),
  (7, 39.99, '08-02-2018', '31-12-2022'),
  (7, 29.99, '01-01-2023', '31-03-2023'),
  (7, 34.99, '01-04-2023', '30-06-2023'),
  (7, 39.99, '01-07-2023', '30-09-2023'),
  (7, 39.99, '01-10-2023', '31-12-2023'),
  (8, 39.98, '14-04-2015', '31-12-2022'),
  (8, 29.99, '01-01-2023', '31-03-2023'),
  (8, 34.99, '01-04-2023', '30-06-2023'),
  (8, 39.98, '01-07-2023', '30-09-2023'),
  (8, 39.98, '01-10-2023', '31-12-2023'),
  (9, 0, '11-02-2022', '31-12-2022'),
  (9, 0, '01-01-2023', '28-02-2023'),
  (9, 0, '01-03-2023', '30-04-2023'),
  (10, 59.99, '06-11-2023', '31-12-2023'),
  (10, 54.99, '01-01-2024', '28-02-2024'),
  (10, 59.99, '01-03-2024', '30-04-2024'),
  (11, 0, '15-08-2013', '31-12-2014'),
  (11, 0, '01-01-2015', '28-02-2015'),
  (11, 0, '01-03-2015', '30-04-2015'),
  (12, 0, '10-10-2007', '31-12-2008'),
  (12, 0, '01-01-2009', '28-02-2009'),
  (12, 0, '01-03-2009', '30-04-2009'),
  (13, 38.99, '13-12-2018', '31-12-2019'),
  (13, 34.99, '01-01-2020', '28-02-2020'),
  (13, 39.99, '01-03-2020', '30-04-2020'),
  (14, 0, '07-07-2017', '31-12-2018'),
  (14, 0, '01-01-2019', '28-02-2019'),
  (14, 0, '01-03-2019', '30-04-2019'),
  (15, 40.99, '26-10-2023', '31-12-2023'),
  (15, 39.99, '01-01-2024', '28-02-2024'),
  (15, 44.99, '01-03-2024', '30-04-2024'),
  (16, 3.99, '01-11-2018', '31-12-2018'),
  (16, 3.49, '01-01-2019', '28-02-2019'),
  (16, 3.99, '01-03-2019', '30-04-2019'),
  (17, 17.99, '01-12-2015', '31-12-2015'),
  (17, 15.99, '01-01-2016', '28-02-2016'),
  (17, 19.99, '01-03-2016', '30-04-2016'),
  (18, 11.11, '21-10-2016', '31-12-2016'),
  (18, 13.99, '01-01-2017', '28-02-2017'),
  (18, 15.11, '01-03-2017', '30-04-2017'),
  (19, 18.99, '22-11-2021', '31-12-2021'),
  (19, 17.99, '01-01-2022', '28-02-2022'),
  (19, 19.99, '01-03-2022', '30-04-2022'),
  (20, 9.85, '11-10-2012', '31-12-2012'),
  (20, 8.99, '01-01-2013', '28-02-2013'),
  (20, 9.99, '01-03-2013', '30-04-2013'),
  (21, 66.99, '28-09-2023', '31-12-2023'),
  (21, 64.99, '01-01-2024', '28-02-2024'),
  (21, 69.99, '01-03-2024', '30-04-2024'),
  (22, 36.99, '06-06-2016', '31-12-2016'),
  (22, 34.99, '01-01-2017', '28-02-2017'),
  (22, 39.99, '01-03-2017', '30-04-2017'),
  (23, 7.75, '23-10-2023', '31-12-2023'),
  (23, 7.99, '01-01-2024', '28-02-2024'),
  (23, 9.75, '01-03-2024', '30-04-2024'),
  (24, 0, '25-03-2013', '31-12-2014'),
  (24, 0, '01-01-2015', '28-02-2015'),
  (24, 0, '01-03-2015', '30-04-2015'),
  (25, 17.99, '14-06-2016', '31-12-2017'),
  (25, 14.99, '01-01-2018', '28-02-2018'),
  (25, 19.99, '01-03-2018', '30-04-2018'),
  (26, 53.99, '10-12-2020', '31-12-2020'),
  (26, 49.99, '01-01-2021', '28-02-2021'),
  (26, 59.99, '01-03-2021', '30-04-2021'),
  (27, 12.79, '27-08-2017', '31-12-2018'),
  (27, 12.99, '01-01-2019', '28-02-2019'),
  (27, 14.79, '01-03-2019', '30-04-2019'),
  (28, 0, '07-07-2015', '31-12-2016'),
  (28, 0, '01-01-2017', '28-02-2017'),
  (28, 0, '01-03-2017', '30-04-2017'),
  (29, 21.99, '13-12-2013', '31-12-2014'),
  (29, 19.99, '01-01-2015', '28-02-2015'),
  (29, 22.99, '01-03-2015', '30-04-2015'),
  (30, 0, '01-10-2019', '31-12-2020'),
  (30, 0, '01-01-2021', '28-02-2021'),
  (30, 0, '01-03-2021', '30-04-2021'),
  (31, 35.99, '28-09-2021', '31-12-2021'),
  (31, 34.99, '01-01-2022', '28-02-2022'),
  (31, 37.99, '01-03-2022', '30-04-2022'),
  (32, 0, '02-09-2014', '31-12-2014'),
  (32, 0, '01-01-2015', '28-02-2015'),
  (32, 0, '01-03-2015', '30-04-2015'),
  (33, 11.99, '29-02-2016', '31-12-2016'),
  (33, 12.99, '01-01-2017', '28-02-2017'),
  (33, 13.99, '01-03-2017', '30-04-2017'),
  (34, 11.59, '18-09-2022', '31-12-2022'),
  (34, 10.99, '01-01-2023', '28-02-2023'),
  (34, 11.59, '01-03-2023', '30-04-2023');
  (35, 18.50, '08-11-2013', '31-12-2013'),
  (35, 17.99, '01-01-2014', '28-02-2014'),
  (35, 19.50, '01-03-2014', '30-04-2014'),
  (36, 9.75, '16-05-2011', '31-12-2011'),
  (36, 8.99, '01-01-2012', '28-02-2012'),
  (36, 9.75, '01-03-2012', '30-04-2012'),
  (37, 7.99, '13-08-2013', '31-12-2013'),
  (37, 8.99, '01-01-2014', '28-02-2014'),
  (37, 9.99, '01-03-2014', '30-04-2014'),
  (38, 0, '12-08-2021', '31-12-2021'),
  (38, 0, '01-01-2022', '28-02-2022'),
  (38, 0, '01-03-2022', '30-04-2022'),
  (39, 18.99, '02-02-2021', '31-12-2021'),
  (39, 17.99, '01-01-2022', '28-02-2022'),
  (39, 19.99, '01-03-2022', '30-04-2022'),
  (40, 0, '25-08-2021', '31-12-2021'),
  (40, 0, '01-01-2022', '28-02-2022'),
  (40, 0, '01-03-2022', '30-04-2022'),
  (41, 45.98, '27-08-2019', '31-12-2019'),
  (41, 47.99, '01-01-2020', '28-02-2020'),
  (41, 49.98, '01-03-2020', '30-04-2020'),
  (42, 9.75, '29-11-2006', '31-12-2006'),
  (42, 8.99, '01-01-2007', '28-02-2007'),
  (42, 9.99, '01-03-2007', '30-04-2007');
  (43, 58.99, '24-02-2022', '31-12-2022'),
  (43, 55.99, '01-01-2023', '28-02-2023'),
  (43, 59.99, '01-03-2023', '30-04-2023'),
  (44, 59.99, '05-12-2019', '31-12-2019'),
  (44, 57.99, '01-01-2020', '28-02-2020'),
  (44, 59.99, '01-03-2020', '30-04-2020'),
  (45, 9.80, '18-02-2014', '31-12-2014'),
  (45, 8.99, '01-01-2015', '28-02-2015'),
  (45, 9.99, '01-03-2015', '30-04-2015'),
  (46, 28.99, '08-06-2020', '31-12-2020'),
  (46, 27.99, '01-01-2021', '28-02-2021'),
  (46, 29.99, '01-03-2021', '30-04-2021'),
  (47, 57.99, '11-11-2022', '31-12-2022'),
  (47, 55.99, '01-01-2023', '28-02-2023'),
  (47, 59.99, '01-03-2023', '30-04-2023'),
  (48, 34.99, '13-08-2013', '31-12-2013'),
  (48, 38.99, '01-01-2014', '28-02-2014'),
  (48, 39.99, '01-03-2014', '30-04-2014'),
  (49, 39.99, '28-10-2016', '31-12-2016'),
  (49, 38.99, '01-01-2017', '28-02-2017'),
  (49, 39.99, '01-03-2017', '30-04-2017'),
  (50, 49.99, '24-10-2023', '31-12-2023'),
  (50, 48.99, '01-01-2024', '28-02-2024'),
  (50, 49.99, '01-03-2024', '30-04-2024');

-- User
INSERT INTO User (user_ID, nome, email, password, data_entrada, descricao)
VALUES
  (1, 'JohnDoe', 'john.doe@email.com', 'password123', '2021-01-15', 'Gamer since the early days, always looking for new challenges.'),
  (2, 'GamingMaster', 'gaming.master@email.com', 'securepass456', '2021-02-20', 'Professional gamer striving for excellence.'),
  (3, 'EpicPlayer99', 'epic.player99@email.com', 'epicpass789', '2021-03-10', 'Embarking on epic adventures in virtual worlds.'),
  (4, 'TechGeek', 'tech.geek@email.com', 'geekypass321', '2021-04-05', 'Passionate about the latest gaming technology.'),
  (5, 'AdventureSeeker', 'adventure.seeker@email.com', 'adventurepass777', '2021-05-12', 'Always ready for a new gaming journey.'),
  (6, 'StrategyMastermind', 'strategy.master@email.com', 'strategypass888', '2021-06-18', 'Mastering strategies in every game.'),
  (7, 'PixelExplorer', 'pixel.explorer@email.com', 'pixelpass555', '2021-07-25', 'Exploring the beauty of pixelated worlds.'),
  (8, 'CasualGamer123', 'casual.gamer@email.com', 'casualpass432', '2021-08-30', 'Enjoying games in a relaxed way.'),
  (9, 'SpeedRunnerX', 'speed.runner@email.com', 'speedrunpass999', '2021-09-12', 'Setting records through speedy gameplay.'),
  (10, 'QuestConqueror', 'quest.conqueror@email.com', 'questpass111', '2021-10-18', 'Conquering quests one game at a time.'),
  (11, 'VirtualExplorer', 'virtual.explorer@email.com', 'virtualpass777', '2021-11-22', 'Navigating virtual realms with enthusiasm.'),
  (12, 'ConsoleGuru', 'console.guru@email.com', 'consolepass444', '2021-12-28', 'Mastering various gaming consoles.'),
  (13, 'PCMasterRace', 'pc.master@email.com', 'pcpass123', '2022-01-05', 'Dedicated to the glory of PC gaming.'),
  (14, 'RetroGamingFan', 'retro.gamer@email.com', 'retropass321', '2022-02-10', 'Nostalgic for the classics.'),
  (15, 'MultiplayerChampion', 'multiplayer.champion@email.com', 'multiplayerpass999', '2022-03-18', 'Dominating in multiplayer arenas.'),
  (16, 'CreativeBuilder', 'creative.builder@email.com', 'creativepass888', '2022-04-22', 'Building unique worlds and structures.'),
  (17, 'TeamPlayer123', 'team.player@email.com', 'teamplayerpass777', '2022-05-29', 'Thriving in team-based gameplay.'),
  (18, 'VRAdventurer', 'vr.adventurer@email.com', 'vrpass555', '2022-06-15', 'Embarking on virtual reality quests.'),
  (19, 'MobileGamerX', 'mobile.gamer@email.com', 'mobilepass432', '2022-07-01', 'Gaming on the go with mobile devices.'),
  (20, 'StealthGamer', 'stealth.gamer@email.com', 'stealthpass111', '2022-08-08', 'Mastering the art of stealth in games.'),
  (21, 'IndieGameEnthusiast', 'indie.game@email.com', 'indiepass777', '2022-09-14', 'Exploring the diverse world of indie games.'),
  (22, 'PuzzleSolverX', 'puzzle.solver@email.com', 'puzzlepass444', '2022-10-20', 'Solving gaming puzzles with precision.'),
  (23, 'MusicGamer', 'music.gamer@email.com', 'musicpass123', '2022-11-26', 'Syncing gaming with a love for music.'),
  (24, 'CosplayGamer', 'cosplay.gamer@email.com', 'cosplaypass321', '2022-12-03', 'Bringing virtual characters to life through cosplay.'),
  (25, 'ExplorationExpert', 'exploration.expert@email.com', 'explorationpass999', '2023-01-09', 'Expertly exploring every gaming landscape.'),
  (26, 'SocialGamer', 'social.gamer@email.com', 'socialpass888', '2023-02-15', 'Connecting with others through gaming.'),
  (27, 'SciFiFanatic', 'scifi.fan@email.com', 'scifipass777', '2023-03-22', 'Diving into the futuristic worlds of sci-fi games.'),
  (28, 'FantasyQuester', 'fantasy.quest@email.com', 'fantasypass555', '2023-04-28', 'Embarking on fantastical gaming quests.'),
  (29, 'HorrorGamerX', 'horror.gamer@email.com', 'horrorpass432', '2023-05-05', 'Thriving on the adrenaline of horror games.'),
  (30, 'SimulatorMaestro', 'simulator.maestro@email.com', 'simulatorpass111', '2023-06-11', 'Mastering various simulation games.'),
  (31, 'eSportsChampion', 'esports.champion@email.com', 'esportspass777', '2023-07-17', 'Championing in the world of eSports.'),
  (32, 'AnimalCrosser', 'animal.crosser@email.com', 'animalpass444', '2023-08-24', 'Creating a virtual paradise in Animal Crossing.'),
  (33, 'StrategicCommander', 'strategic.commander@email.com', 'strategicpass123', '2023-09-30', 'Commanding with strategy in every game.'),
  (34, 'TacticalGamerX', 'tactical.gamer@email.com', 'tacticalpass999', '2023-10-06', 'Executing tactical maneuvers with precision.'),
  (35, 'MysterySolver123', 'mystery.solver@email.com', 'mysterypass888', '2023-11-12', 'Unraveling mysteries in the gaming world.'),
  (36, 'ActionHeroX', 'action.hero@email.com', 'actionpass777', '2023-12-18', 'Becoming the hero in action-packed games.'),
  (37, 'FarmingEnthusiast', 'farming.enthusiast@email.com', 'farmingpass555', '2024-01-24', 'Tending virtual crops in farming simulations.'),
  (38, 'RacingProX', 'racing.pro@email.com', 'racingpass432', '2024-02-29', 'Zooming to victory in virtual races.'),
  (39, 'SpaceExplorerX', 'space.explorer@email.com', 'spacepass111', '2024-03-06', 'Embarking on intergalactic adventures.'),
  (40, 'HistoricalGamer', 'historical.gamer@email.com', 'historicalpass777', '2024-04-12', 'Experiencing history through gaming.'),
  (41, 'MagicSpellcaster', 'magic.spellcaster@email.com', 'magicpass444', '2024-05-18', 'Casting magical spells in fantastical realms.'),
  (42, 'SurvivalistGamer', 'survivalist.gamer@email.com', 'survivalpass123', '2024-06-24', 'Surviving and thriving in virtual wilderness.'),
  (43, 'ComedyGamerX', 'comedy.gamer@email.com', 'comedypass999', '2024-07-30', 'Bringing laughter to the gaming world.'),
  (44, 'SciFiStrategyMaster', 'scifi.strategy@email.com', 'scifistrategypass888', '2024-08-05', 'Mastering strategy in futuristic settings.'),
  (45, 'ChessMasterX', 'chess.master@email.com', 'chesspass777', '2024-09-11', 'Conquering opponents in the game of chess.'),
  (46, 'VirtualPhotographer', 'virtual.photographer@email.com', 'virtualphotopass555', '2024-10-17', 'Capturing virtual moments through photography.'),
  (47, 'GamingChef', 'gaming.chef@email.com', 'gamingchefpass432', '2024-11-23', 'Cooking up virtual delights in gaming worlds.'),
  (48, 'SuperHeroAdventurer', 'superhero.adventurer@email.com', 'superheropass111', '2024-12-29', 'Embarking on heroic adventures in virtual realms.'),
  (49, 'WildWestGunslinger', 'wildwest.gunslinger@email.com', 'wildwestpass777', '2025-01-04', 'Living the wild west experience in gaming.'),
  (50, 'TechInnovatorX', 'tech.innovator@email.com', 'techinnovatorpass444', '2025-02-10', 'Innovating with technology in the gaming industry.');

-- Review
INSERT INTO Review (rev_ID, texto, rating_review, data_publicacao, game_ID, user_ID)
VALUES
  (1, 'Amazing game with stunning graphics!', 5, '2023-01-05', 1, 1),
  (2, 'Emotional rollercoaster, a must-play!', 4, '2023-02-20', 2, 1),
  (3, 'Great gameplay and realistic simulations.', 4, '2023-04-05', 3, 2),
  (4, 'Incredible storyline and character development.', 5, '2023-01-15', 2, 3),
  (5, 'Addictive multiplayer experience!', 4, '2023-03-05', 6, 4),
  (6, 'Classic game, still enjoying it after all these years.', 5, '2023-02-10', 8, 1),
  (7, 'Best battle royale game out there!', 4, '2023-04-15', 9, 2),
  (8, 'The open-world exploration is unparalleled.', 5, '2023-03-25', 10, 3),
  (9, 'Unique concept and lots of fun with friends.', 4, '2023-04-20', 7, 4);

-- Achievement
INSERT INTO Achievement (achiev_ID, nome, hidden, game_ID)
VALUES
  (1, 'Viking Conqueror', 0, 1),
  (2, 'Survivor', 1, 2),
  (3, 'Football Legend', 0, 3),
  (4, 'Cyberpunk Explorer', 0, 4),
  (5, 'Wild West Adventurer', 0, 5),
  (6, 'Warzone Champion', 0, 6),
  (7, 'Impostor', 1, 7),
  (8, 'Master Builder', 0, 8),
  (9, 'Battle Royale Pro', 0, 9),
  (10, 'Hero of Hyrule', 0, 10);

-- Possui
INSERT INTO Possui (game_ID, nome_tipo, data)
VALUES
  (1, 1, '2023-01-10'),
  (2, 2, '2023-03-01'),
  (3, 3, '2023-04-15'),
  (4, 4, '2023-01-20'),
  (5, 5, '2023-02-05'),
  (6, 6, '2023-03-15'),
  (7, 7, '2023-03-05'),
  (8, 8, '2023-02-25'),
  (9, 9, '2023-04-10'),
  (10, 10, '2023-01-30');

-- Updates
INSERT INTO Updates (tipo_ID, nome_tipo)
VALUES
  (1, 'Patch 1.1'),
  (2, 'Expansion Pack 1'),
  (3, 'Season 2 Update'),
  (4, 'Hotfix 1.2'),
  (5, 'GTA Online Heists'),
  (6, 'Season 3 Update'),
  (7, 'Among Us: Airship Update'),
  (8, 'Minecraft: Nether Update'),
  (9, 'Fortnite: Chapter 3'),
  (10, 'Zelda: Breath of the Wild 2 Teaser');