PRAGMA	foreign_keys	=	ON;

-- Jogo
INSERT INTO Jogo (game_ID, nome, descricao, data_lancamento, preco_atual, rating, players_online, peak_players, idade_minima)
VALUES
  (1, 'Counter-Strike 2', 'Ao longo de mais de duas décadas, o Counter‑Strike ofereceu uma experiência competitiva de elite, moldada por milhões de jogadores de todo o mundo. Agora, o próximo capítulo da história do CS está prestes a começar: Counter‑Strike 2.', '2012-08-21', 0, 4.35, 768486, 1043274, 17),
  (2, 'Dota 2', 'Todos os dias, milhões de jogadores de todo o mundo levam um de mais de 100 heróis para a luta. Estejam a jogar há 10 ou 1000 horas, há sempre algo para descobrir. Com mecânicas, recursos e heróis sempre em evolução graças a atualizações regulares, o Dota 2 é mais do que um jogo.', '2013-07-09', 0, 4.1, 519274, 654877, 16),
  (3, 'PUBG: BATTLEGROUNDS', 'Todos os dias, milhões de jogadores de todo o mundo levam um de mais de 100 heróis para a luta. Estejam a jogar há 10 ou 1000 horas, há sempre algo para descobrir. Com mecânicas, recursos e heróis sempre em evolução graças a atualizações regulares, o Dota 2 é mais do que um jogo.', '2017-12-21', 0, 2.85, 150363, 455176, 16),
  (4, 'Call of Duty®: Modern Warfare® III', 'Damos-te as boas-vindas ao Call of Duty® HQ, a base do Call of Duty®: Modern Warfare® III, Call of Duty®: Modern Warfare® II e Warzone™.', '2022-10-23', 69.99, 2.75, 129608, 129608, 17),
  (5, 'Baldur’s Gate 3', 'Baldur’s Gate 3 is a story-rich, party-based RPG set in the universe of Dungeons & Dragons, where your choices shape a tale of fellowship and betrayal, survival and sacrifice, and the lure of absolute power.', '2023-08-03', 59.99, 4.8, 118610, 119234, 17),
  (6, 'Apex Legends™', 'Apex Legends é o premiado jogo de tiros com Heróis grátis da Respawn Entertainment. Controla um elenco em constante evolução de personagens Lendárias com habilidades poderosas e diverte-te com a jogabilidade por esquadrões estratégica e inovadora nesta próxima evolução do Battle Royale.', '2020-11-05', 0, 3.95, 104220, 346731, 16),
  (7, 'Rust', 'The only aim in Rust is to survive. Everything wants you to die - the island’s wildlife and other inhabitants, the environment, other survivors. Do whatever it takes to last another night.', '2018-02-08', 39.99, 4.35, 99225, 102068, 17),
  (8, 'Grand Theft Auto V', 'Grand Theft Auto V para PC oferece aos jogadores a opção de explorar o gigantesco e premiado mundo de Los Santos e Blaine County em resoluções de até 4K e além, assim como a chance de experimentar o jogo rodando a 60 FPS (quadros por segundo).', '2015-04-14', 39.98, 4.3, 81597, 139673, 17),
  (9, 'Lost Ark', 'Embark on an odyssey for the Lost Ark in a vast, vibrant world: explore new lands, seek out lost treasures, and test yourself in thrilling action combat in this action-packed free-to-play RPG.', '2022-02-11', 0, 3.55, 79161, 80342, 16),
  (10, 'Football Manager 2024', 'Constrói uma equipa de classe mundial pronta a dominar todos os rivais nas competições futebolísticas de maior prestígio. O progresso nunca termina quando persegues a perfeição no mundo do futebol.', '2023-11-06', 59.99, 4.2, 74080, 75181, 3),
  (11, 'War Thunder', 'War Thunder é um MMO de combate grátis, dedicado a veículos militares dos períodos da 2ª Guerra Mundial e Guerra da Coreia. Lute em grandes batalhas no ar, terra e mar, com jogadores internacionais num ambiente sempre em desenvolvimento.', '2013-08-15', 0, 3.75, 62498, 78605, 12),
  (12, 'Team Fortress 2', 'Nine distinct classes provide a broad range of tactical abilities and personalities. Constantly updated with new game modes, maps, equipment and, most importantly, hats!', '2007-10-10', 0, 4.65, 68303, 71193, 12),
  (13, 'DayZ', 'Quanto tempo sobreviverás num mundo pós-apocalíptico, cheio de infetados, onde competes por recursos limitados com outros sobreviventes? Unirás esforços com estranhos para aumentares as hipóteses de sobrevivência? Ou serás um lobo solitário? Isto é DayZ – isto é a tua história.', '2018-12-13', 39.99, 3.75, 53872, 56642, 18),
  (14, 'Unturned', 'És um sobrevivente num mundo infestado de zombies, e tens de colaborar com os teus amigos e forjar alianças para te manteres vivo.', '2017-07-07', 0, 5, 51673, 56583, 12),
  (15, 'ARK: Survival Ascended', 'A Ark é reimaginada desde o início nesta próxima geração de tecnologia de videogame com Unreal Engine 5! Formar uma tribo, manso e raça centenas de dinossauros exclusivos e criaturas primitivas, explore, artesanato, construa e lute para o topo da cadeia de alimentos. Seu novo mundo aguarda!', '2023-10-26', 44.99, 2.8, 53872, 53891, 16),
  (16, 'Wallpaper Engine', 'Use wallpapers animados deslumbrantes na sua área de trabalho. Anime as suas próprias imagens para criar wallpapers novos ou importe vídeos/websites e partilhe-os no Steam Workshop!', '2018-11-01', 3.99, 4.9, 39782, 116116, 3),
  (17, 'Tom Clancy’s Rainbow Six® Siege', 'Tom Clancy’s Rainbow Six® Siege é um shooter tático de elite em equipas, em que um planeamento e uma execução superiores são essenciais para vencer.', '2015-12-01', 19.99, 4.3, 42964, 49366, 18),
  (18, 'Sid Meier’s Civilization® VI', 'O Civilization VI oferece novas formas de interagires com o teu mundo, expandires o teu império através do mapa, avançares a tua cultura e competires contra os maiores líderes históricos para construíres uma civilização que resistirá ao passar do tempo.', '2016-10-21', 15.11, 4.25, 41839, 53841, 10),
  (19, 'Farming Simulator 22', 'Cria a tua quinta e colhe o que semeares! Trata das colheitas, cuida de animais, gere produções e enfrenta desafios sazonais.', '2021-11-22', 19.99, 4.55, 36276, 42247, 3),
  (20, 'Euro Truck Simulator 2', 'Travel across Europe as king of the road, a trucker who delivers important cargo across impressive distances! With dozens of cities to explore, your endurance, skill and speed will all be pushed to their limits.', '2012-10-11', 9.99, 4.85, 34979, 42656, 3),
  (21, 'EA SPORTS FC™ 24', 'O EA SPORTS FC™ 24 dá-vos as boas-vindas ao The World’s Game: a experiência mais realista do futebol de sempre com HyperMotionV, Estilos de Jogo otimizados pela Opta e um Motor Frostbite™ aperfeiçoado.', '2023-09-28', 69.99, 2.7, 37822, 45468, 13),
  (22, 'Hearts of iron IV', 'Victory is at your fingertips! Your ability to lead your nation is your supreme weapon, the strategy game Hearts of Iron IV lets you take command of any nation in World War II; the most engaging conflict in world history.', '2016-06-06', 39.99, 4.6, 36926, 44206, 7),
  (23, 'Lethal Company', 'A co-op horror about scavenging at abandoned moons to sell scrap to the Company.', '2023-10-23', 9.75, 4.85, 45623, 60838, 12),
  (24, 'Warframe', 'Desperte como um guerreiro imparável e lute ao lado de seus amigos neste jogo de ação online gratuito com histórias envolventes.', '2013-03-25', 0, 4.3, 37303, 63611, 13),
  (25, 'Dead by Daylight', 'Dead by Daylight is a multiplayer (4vs1) horror game where one player takes on the role of the savage Killer, and the other four players play as Survivors, trying to escape the Killer and avoid being caught and killed.', '2016-06-14', 19.99, 4, 36012, 39024, 12),
  (26, 'Cyberpunk 2077', 'Cyberpunk 2077 é um RPG de ação num mundo aberto que decorre em Night City, uma megalópole perigosa onde todos estão obcecados pelo poder, glamour e alterações ao corpo.', '2020-12-10', 59.99, 4.05, 36600, 41162, 17),
  (27, 'ARK: Survival Evolved', 'Stranded on the shores of a mysterious island, you must learn to survive. Use your cunning to kill or tame the primeval creatures roaming the land, and encounter other players to survive, dominate... and escape!', '2017-08-27', 14.79, 4.15, 34624, 46735, 16),
  (28, 'Rocket League', 'Futebol e condução encontram-se uma vez mais na aguardada sequela do clássico de arena baseado na física que conquistou os jogadores, o Supersonic Acrobatic Rocket-Powered Battle-Cars!', '2015-07-07', 0, 4.45, 33897, 33897, 13),
  (29, '7 Days to Die', '7 Days to Die is an open-world game that is a unique combination of first-person shooter, survival horror, tower defense, and role-playing games. Play the definitive zombie survival sandbox RPG that came first. Navezgane awaits!', '2013-12-13', 22.99, 4.4, 30211, 39882, 13),
  (30, 'Destiny 2', 'Destiny 2 é um jogo de ação MMO com um mundo em evolução, onde tu e os teus amigos podem entrar a qualquer hora, em qualquer lugar, totalmente grátis.', '2019-10-01', 0, 4.05, 31447, 31647, 13),
  (31, 'New World', 'Explore a thrilling, open-world MMO filled with danger and opportunity where you’ll forge a new destiny on the supernatural island of Aeternum.', '2021-09-28', 37.99, 3.5, 30005, 30837, 18),
  (32, 'The Sims™ 4', 'Aprecia o poder de criares e controlares pessoas num mundo virtual onde não há regras. Sê poderoso e livre, diverte-te e joga com a vida!', '2014-09-02', 0, 4.35, 29420, 30631, 12),
  (33, 'Stardew Valley', 'You’ve inherited your grandfather’s old farm plot in Stardew Valley. Armed with hand-me-down tools and a few coins, you set out to begin your new life. Can you learn to live off the land and turn these overgrown fields into a thriving home?', '2016-02-29', 13.99, 4.9, 28762, 32265, 12),
  (34, 'Phasmophobia', 'Phasmophobia is a 4 player online co-op psychological horror. Paranormal activity is on the rise and it’s up to you and your team to use all the ghost-hunting equipment at your disposal in order to gather as much evidence as you can.', '2022-09-18', 11.59, 4.8, 26286, 28845, 16),
  (35, 'Project Zomboid', 'Project Zomboid is the ultimate in zombie survival. Alone or in MP: you loot, build, craft, fight, farm and fish in a struggle to survive. A hardcore RPG skillset, a vast map, massively customisable sandbox and a cute tutorial raccoon await the unwary. So how will you die? All it takes is a bite..', '2013-11-08', 19.50, 4.7, 28700, 29878, 12),
  (36, 'Terraria', 'Escave, lute, explore, construa! Nada é impossível neste jogo de aventura cheio de ação. Pacote com Quatro também disponível!', '2011-05-16', 9.75, 4.85, 26719, 38735, 13),
  (37, 'PAYDAY 2', 'PAYDAY 2 é um jogo FPS de ação cooperativo de quatro jogadores que permite os jogadores a jogar na pele da gangue PAYDAY original - Dallas, Hoxton, Wolf e Chains - enquanto vão para Washington DC para uma épica série de crimes.', '2013-08-13', 9.99, 4.45, 27341, 31575, 18),
  (38, 'NARAKA: BLADEPOINT', 'NARAKA: BLADEPOINT é um jogo de luta de 60 jogadores que oferece uma grande mobilidade graças às técnicas de parkour e gancho, um vasto arsenal de armas brancas e de distância e personagens com capacidades poderosas. Transforme-se em um guerreiro Vajra gigante e arrase o seu inimigo!', '2021-08-12', 0, 3.37, 20776, 277089, 12),
  (39, 'Valheim', 'Um brutal jogo de exploração e sobrevivência para 1 a 10 jogadores, ambientado em um purgatório gerado de forma procedural, inspirado na cultura viking. Batalhe, construa e conquiste glória em uma saga digna da benção de Odin!', '2021-02-02', 19.99, 4.75, 25733, 26657, 16),
  (40, 'MIR4', 'MIR4 is a free-to-play open world K-fantasy MMORPG that can be cross-played on both PC and mobile devices. MIR4 is full of action and features numerous large scale clan PVP battles. Join now and become a legend.', '2021-08-25', 0, 3.2, 26322, 28292, 15),
  (41, 'Hunt: Showdown', 'Hunt: Showdown é um jogo de tiro em primeira pessoa PvPvE emocionante e de alto risco. Derrote monstros assustadores enquanto luta pelas recompensas que lhe trarão glória, equipamento e ouro nesta experiência multijogador online implacável e inesquecível.', '2019-08-27', 49.98, 4.1, 23081, 25460, 18),
  (42, 'Garry’s Mod', 'Garry’s Mod is a physics sandbox. There aren’t any predefined aims or goals. We give you the tools and leave you to play.', '2006-11-29', 9.99, 4.8, 22548, 25866, 13),
  (43, 'ELDEN RING', 'O NOVO RPG DE AÇÃO E FANTASIA. Ergue-te, Maculado, e deixa-te guiar pela graça para brandires o poder do Elden Ring e tornares-te um Lorde Elden nas Terras Intermédias.', '2022-02-24', 59.99, 4.6, 24541, 37405, 16),
  (44, 'Red Dead Redemption 2', 'Winner of over 175 Game of the Year Awards and recipient of over 250 perfect scores, RDR2 is the epic tale of outlaw Arthur Morgan and the infamous Van der Linde gang, on the run across America at the dawn of the modern age. Also includes access to the shared living world of Red Dead Online.', '2019-12-05', 59.99, 4.5, 22219, 41957, 18),
  (45, 'FINAL FANTASY XIV Online', 'Join over 27 million adventurers worldwide and take part in an epic and ever-changing FINAL FANTASY. Experience an unforgettable story, exhilarating battles, and a myriad of captivating environments to explore.', '2014-02-18', 9.99, 4.4, 23914, 24292, 16),
  (46, 'Satisfactory', 'Satisfactory is a first-person open-world factory building game with a dash of exploration and combat. Play alone or with friends, explore an alien planet, create multi-story factories, and enter conveyor belt heaven!', '2020-06-08', 29.99, 4.85, 22752, 23508, 17),
  (47, 'Starfield', 'Starfield é o primeiro novo universo criado nos últimos 25 anos pela Bethesda Game Studios, a galardoada equipa responsável pelo The Elder Scrolls V: Skyrim e pelo Fallout 4.', '2023-09-06', 69.99, 3.5, 23454, 23519, 18),
  (48, 'Europa Universalis IV', 'Europa Universalis IV dá-te o controlo de uma nação durante quatro séculos dramáticos. Governa a tua terra e domina o mundo com liberdade, profundidade e precisão histórica incomparáveis. Escreve uma nova história do mundo e ergue um império notável.', '2013-08-13', 39.99, 4.3, 21803, 22837, 12),
  (49, 'The Elder Scrolls V: Skyrim Special Edition', 'Winner of more than 200 Game of the Year Awards, Skyrim Special Edition brings the epic fantasy to life in stunning detail. The Special Edition includes the critically acclaimed game and add-ons with all-new features like remastered art and effects, volumetric god rays, dynamic depth of field, screen-space reflections, and more.', '2016-10-28', 39.99, 4.7, 22279, 22560, 18),
  (50, 'Cities: Skylines II', 'Ergue uma cidade de raiz e torna-a uma metrópole com a construção de cidades mais realista. Puxa pela criatividade e capacidade de resolver problemas a uma escala inédita. Descobre a construção de mundos ilimitada, com simulações profundas e economias vivas.', '2023-10-24', 49.99, 2.8, 21206, 23808, 3);

-- Genero
INSERT INTO Genero (gen_ID, nome)
VALUES
  (1, 'FPS'),
  (2, 'Ação'),
  (3, 'Multiplayer'),
  (4, 'MOBA'),
  (5, 'Estratégia'),
  (6, 'Sobrevivência'),
  (7, 'Battle Royale'),
  (8, 'Singleplayer'),
  (9, 'RPG'),
  (10, 'Aventura'),
  (11, 'Mundo Aberto'),
  (12, 'Desporto'),
  (13, 'Histórico'),
  (14, 'Combate de Veículos'),
  (15, 'Engraçado'),
  (16, 'Terror'),
  (17, 'Zombies'),
  (18, 'Utilidades'),
  (19, 'Agricultura'),
  (20, 'Transportes'),
  (21, 'Romance'),
  (22, 'Gestão de Cidades');

-- Pertence
INSERT INTO Pertence (game_ID, gen_ID)
VALUES
  (1, 1),
  (1, 2),
  (1, 3),
  (2, 1),
  (2, 2),
  (2, 4),
  (2, 3),
  (3, 7),
  (3, 2),
  (3, 6),
  (3, 1),
  (3, 3),
  (4, 1),
  (4, 2),
  (4, 3),
  (4, 8),
  (5, 9),
  (5, 10),
  (5, 6),
  (5, 3),
  (6, 1),
  (6, 2),
  (6, 3),
  (6, 7),
  (7, 1),
  (7, 3),
  (7, 2),
  (7, 11),
  (7, 6),
  (8, 11),
  (8, 2),
  (8, 3),
  (8, 8),
  (9, 9),
  (9, 10),
  (9, 3),
  (9, 2),
  (10, 3),
  (10, 5),
  (10, 8),
  (10, 12),
  (11, 2),
  (11, 3),
  (11, 13),
  (11, 14),
  (12, 1),
  (12, 2),
  (12, 3),
  (12, 15),
  (13, 2),
  (13, 6),
  (13, 11),
  (13, 16),
  (13, 17),
  (14, 2),
  (14, 6),
  (14, 11),
  (14, 17),
  (14, 3),
  (15, 2),
  (15, 3),
  (15, 6),
  (15, 10),
  (15, 11),
  (16, 18),
  (17, 1),
  (17, 2),
  (17, 3),
  (18, 5),
  (18, 8),
  (18, 13),
  (18, 3),
  (19, 19),
  (19, 3),
  (19, 11),
  (20, 3),
  (20, 11),
  (20, 20),
  (21, 3),
  (21, 12),
  (22, 2),
  (22, 3),
  (22, 5),
  (22, 8),
  (22, 9),
  (23, 2),
  (23, 3),
  (23, 6),
  (23, 16),
  (24, 2),
  (24, 3),
  (24, 8),
  (24, 9),
  (25, 2),
  (25, 3),
  (25, 6),
  (25, 16),
  (26, 2),
  (26, 8),
  (26, 9),
  (26, 11),
  (27, 2),
  (27, 3),
  (27, 6),
  (27, 9),
  (27, 10),
  (27, 11),
  (28, 2),
  (28, 3),
  (28, 12),
  (29, 2),
  (29, 3),
  (29, 6),
  (29, 11),
  (29, 5),
  (29, 17),
  (30, 2),
  (30, 3),
  (30, 10),
  (30, 11),
  (30, 1),
  (31, 2),
  (31, 3),
  (31, 8),
  (31, 9),
  (31, 10),
  (32, 3),
  (32, 8),
  (32, 15),
  (32, 21),
  (32, 10),
  (33, 3),
  (33, 8),
  (33, 19),
  (33, 9),
  (34, 2),
  (34, 3),
  (34, 8),
  (34, 16),
  (35, 3),
  (35, 6),
  (35, 8),
  (35, 11),
  (35, 17),
  (36, 3),
  (36, 6),
  (36, 8),
  (36, 10),
  (36, 11),
  (37, 1),
  (37, 2),
  (37, 3),
  (37, 8),
  (37, 5),
  (38, 2),
  (38, 3),
  (38, 7),
  (38, 6),
  (39, 3),
  (39, 8),
  (39, 6),
  (39, 10),
  (39, 11),
  (39, 2),
  (40, 2),
  (40, 3),
  (40, 9),
  (40, 11),
  (41, 2),
  (41, 17),
  (41, 7),
  (41, 1),
  (41, 3),
  (41, 11),
  (42, 15),
  (42, 3),
  (42, 8),
  (42, 2),
  (43, 2),
  (43, 3),
  (43, 8),
  (43, 11),
  (44, 11),
  (44, 2),
  (44, 3),
  (44, 8),
  (44, 10),
  (45, 9),
  (45, 2),
  (45, 3),
  (45, 10),
  (45, 11),
  (46, 5),
  (46, 10),
  (46, 11),
  (46, 3),
  (46, 8),
  (47, 8),
  (47, 10),
  (47, 11),
  (47, 9),
  (47, 2),
  (48, 5),
  (48, 3),
  (48, 8),
  (48, 13),
  (49, 9),
  (49, 8),
  (49, 10),
  (49, 2),
  (49, 11),
  (50, 8),
  (50, 3),
  (50, 5),
  (50, 22);

-- Desenvolvedor
INSERT INTO Desenvolvedor (dev_ID, nome, contactos)
VALUES
  (1, 'Valve', 'contact@valve.com'),
  (2, 'KRAFTON, Inc.', 'contact@krafton.com'),
  (3, 'Activision', 'contact@activision.com'),
  (4, 'Larian Studios', 'contact@larianstudios.com'),
  (5, 'Respawn Entertainment', 'contact@respawnentertainment.com'),
  (6, 'Facepunch Studios', 'contact@facepunchstudios.com'),
  (7, 'Rockstar Games', 'contact@rockstargames.com'),
  (8, 'Smilegate RPG', 'contact@smilegaterpg.com'),
  (9, 'Sports Interactive', 'contact@sportsinteractive.com'),
  (10, 'Gaijin', 'contact@gaijin.com'),
  (11, 'Bohemia Interactive', 'contact@bohemiainteractive.com'),
  (12, 'Smartly Dressed Games', 'contact@smartlydressedgames.com'),
  (13, 'Studio Wildcard', 'contact@studiowildcard.com'),
  (14, 'Wallpaper Engine Team', 'contact@wallpaperengineteam.com'),
  (15, 'Ubisoft', 'contact@ubisoft.com'),
  (16, 'Firaxis Games', 'contact@firaxisgames.com'),
  (17, 'Giants Software', 'contact@giantssoftware.com'),
  (18, 'SCS Software', 'contact@scssoftware.com'),
  (19, 'Electronic Arts', 'contact@electronicarts.com'),
  (20, 'Paradox Interactive', 'contact@paradoxinteractive.com'),
  (21, 'Zeekerss', 'contact@zeekerss.com'),
  (22, 'Digital Extremes', 'contact@digitalextremes.com'),
  (23, 'Behavior Interactive Inc.', 'contact@behaviorinteractive.com'),
  (24, 'CD PROJEKT RED', 'contact@cdprojektred.com'),
  (25, 'Psyonix LLC', 'contact@psyonixllc.com'),
  (26, 'The Fun Pimps', 'contact@thefunpimps.com'),
  (27, 'Bungie', 'contact@bungie.com'),
  (28, 'Amazon Games', 'contact@amazongames.com'),
  (29, 'ConcernedApe', 'contact@concernedApe.com'),
  (30, 'Kinetic Games', 'contact@kineticgames.com'),
  (31, 'The Indie Stone', 'contact@theindiestone.com'),
  (32, 'Re-Logic', 'contact@re-logic.com'),
  (33, 'OVERKILL', 'contact@starbreeze.com'),
  (34, '24 Entertainment', 'contact@24entertainment.com'),
  (35, 'Iron Gate AB', 'contact@irongateab.com'),
  (36, 'Wemade', 'contact@wemade.com'),
  (37, 'Crytek', 'contact@crytek.com'),
  (38, 'FromSoftware Inc.', 'contact@fromsoftware.com'),
  (39, 'Square Enix', 'contact@squareenix.com'),
  (40, 'Coffee Stain', 'contact@coffeestain.com'),
  (41, 'Bethesda', 'contact@bethesda.com'),
  (42, 'Colossal Order Ltd.', 'contact@colossalorder.com');

-- Criado
INSERT INTO Criado (game_ID, dev_ID)
VALUES
  (1, 1),
  (2, 1),
  (3, 2),
  (4, 3),
  (5, 4),
  (6, 5),
  (7, 6),
  (8, 7),
  (9, 8),
  (10, 9),
  (11, 10),
  (12, 1),
  (13, 11),
  (14, 12),
  (15, 13),
  (16, 14),
  (17, 15),
  (18, 16),
  (19, 17),
  (20, 18),
  (21, 19),
  (22, 20),
  (23, 21),
  (24, 22),
  (25, 23),
  (26, 24),
  (27, 13),
  (28, 25),
  (29, 26),
  (30, 27),
  (31, 28),
  (32, 19),
  (33, 29),
  (34, 30),
  (35, 31),
  (36, 32),
  (37, 33),
  (38, 34),
  (39, 35),
  (40, 36),
  (41, 37),
  (42, 6),
  (43, 38),
  (44, 7),
  (45, 39),
  (46, 40),
  (47, 41),
  (48, 20),
  (49, 41),
  (50, 42);

-- Publicador
INSERT INTO Publicador (pub_ID, nome, contactos)
VALUES
  (1, 'Valve', 'contact@valve.com'),
  (2, 'KRAFTON, Inc.', 'contact@krafton.com'),
  (3, 'Activision', 'contact@activision.com'),
  (4, 'Larian Studios', 'contact@larianstudios.com'),
  (5, 'Electronic Arts', 'contact@electronicarts.com'),
  (6, 'Facepunch Studios', 'contact@facepunchstudios.com'),
  (7, 'Rockstar Games', 'contact@rockstargames.com'),
  (8, 'Amazon Games', 'contact@amazongames.com'),
  (9, 'SEGA', 'contact@sega.com'),
  (10, 'Gaijin', 'contact@gaijin.com'),
  (11, 'Bohemia Interactive', 'contact@bohemiainteractive.com'),
  (12, 'Smartly Dressed Games', 'contact@smartlydressedgames.com'),
  (13, 'Studio Wildcard', 'contact@studiowildcard.com'),
  (14, 'Wallpaper Engine Team', 'contact@wallpaperengineteam.com'),
  (15, 'Ubisoft', 'contact@ubisoft.com'),
  (16, '2K', 'contact@2k.com'),
  (17, 'Giants Software', 'contact@giantssoftware.com'),
  (18, 'SCS Software', 'contact@scssoftware.com'),
  (19, 'Paradox Interactive', 'contact@paradoxinteractive.com'),
  (20, 'Zeekerss', 'contact@zeekerss.com'),
  (21, 'Digital Extremes', 'contact@digitalextremes.com'),
  (22, 'Behavior Interactive Inc.', 'contact@behaviorinteractive.com'),
  (23, 'CD PROJEKT RED', 'contact@cdprojektred.com'),
  (24, 'Psyonix LLC', 'contact@psyonixllc.com'),
  (25, 'The Fun Pimps', 'contact@thefunpimps.com'),
  (26, 'Bungie', 'contact@bungie.com'),
  (27, 'ConcernedApe', 'contact@concernedApe.com'),
  (28, 'Kinetic Games', 'contact@kineticgames.com'),
  (29, 'The Indie Stone', 'contact@theindiestone.com'),
  (30, 'Re-Logic', 'contact@re-logic.com'),
  (31, 'Starbreeze Publishing AB', 'contact@starbreeze.com'),
  (32, 'NetEase Games Global', 'contact@neteasegamesglobal.com'),
  (33, 'Coffee Stain', 'contact@coffeestain.com'),
  (34, 'Wemade', 'contact@wemade.com'),
  (35, 'Crytek', 'contact@crytek.com'),
  (36, 'FromSoftware Inc.', 'contact@fromsoftware.com'),
  (37, 'Square Enix', 'contact@squareenix.com'),
  (38, 'Bethesda', 'contact@bethesda.com');

-- Publicado
INSERT INTO Publicado (game_ID, pub_ID)
VALUES
  (1, 1),
  (2, 1),
  (3, 2),
  (4, 3),
  (5, 4),
  (6, 5),
  (7, 6),
  (8, 7),
  (9, 8),
  (10, 9),
  (11, 10),
  (12, 1),
  (13, 11),
  (14, 12),
  (15, 13),
  (16, 14),
  (17, 15),
  (18, 16),
  (19, 17),
  (20, 18),
  (21, 5),
  (22, 19),
  (23, 20),
  (24, 21),
  (25, 22),
  (26, 23),
  (27, 13),
  (28, 24),
  (29, 25),
  (30, 26),
  (31, 8),
  (32, 5),
  (33, 27),
  (34, 28),
  (35, 29),
  (36, 30),
  (37, 31),
  (38, 32),
  (39, 33),
  (40, 34),
  (41, 35),
  (42, 1),
  (43, 36),
  (44, 7),
  (45, 37),
  (46, 33),
  (47, 38),
  (48, 19),
  (49, 38),
  (50, 19);

-- Preco
INSERT INTO Preco (game_ID, valor, data_in, data_fim)
VALUES
  (1, 0, '2023-01-01', '2023-03-31'),
  (1, 0, '2023-04-01', '2023-06-30'),
  (1, 0, '2023-07-01', '2023-09-30'),
  (2, 0, '2023-01-01', '2023-02-28'),
  (2, 0, '2023-03-01', '2023-05-31'),
  (2, 0, '2023-06-01', '2023-08-31'),
  (2, 0, '2023-09-01', '2023-12-31'),
  (3, 0, '2023-01-01', '2023-03-31'),
  (3, 0, '2023-04-01', '2023-06-30'),
  (3, 0, '2023-07-01', '2023-09-30'),
  (4, 69.99, '2022-10-23', '2022-12-31'),
  (4, 59.99, '2023-01-01', '2023-03-31'),
  (4, 49.99, '2023-04-01', '2023-06-30'),
  (4, 69.99, '2023-07-01', '2023-09-30'),
  (4, 69.99, '2023-10-01', '2023-12-31'),
  (5, 59.99, '2023-08-03', '2023-08-31'),
  (5, 49.99, '2023-09-01', '2023-09-30'),
  (5, 59.99, '2023-10-01', '2023-10-31'),
  (5, 59.99, '2023-11-01', '2023-11-30'),
  (5, 59.99, '2023-12-01', '2023-12-31'),
  (6, 0, '2023-01-01', '2023-03-31'),
  (6, 0, '2023-04-01', '2023-06-30'),
  (6, 0, '2023-07-01', '2023-09-30'),
  (7, 39.99, '2018-02-08', '2022-12-31'),
  (7, 29.99, '2023-01-01', '2023-03-31'),
  (7, 34.99, '2023-04-01', '2023-06-30'),
  (7, 39.99, '2023-07-01', '2023-09-30'),
  (7, 39.99, '2023-10-01', '2023-12-31'),
  (8, 39.98, '2015-04-14', '2022-12-31'),
  (8, 29.99, '2023-01-01', '2023-03-31'),
  (8, 34.99, '2023-04-01', '2023-06-30'),
  (8, 39.98, '2023-07-01', '2023-09-30'),
  (8, 39.98, '2023-10-01', '2023-12-31'),
  (9, 0, '2022-02-11', '2022-12-31'),
  (9, 0, '2023-01-01', '2023-02-28'),
  (9, 0, '2023-03-01', '2023-04-30'),
  (10, 59.99, '2023-11-06', '2023-12-31'),
  (10, 54.99, '2024-01-01', '2024-02-29'),
  (10, 59.99, '2024-03-01', '2024-04-30'),
  (11, 0, '2013-08-15', '2014-12-31'),
  (11, 0, '2015-01-01', '2015-02-28'),
  (11, 0, '2015-03-01', '2015-04-30'),
  (12, 0, '2007-10-10', '2008-12-31'),
  (12, 0, '2009-01-01', '2009-02-28'),
  (12, 0, '2009-03-01', '2009-04-30'),
  (13, 38.99, '2018-12-13', '2019-12-31'),
  (13, 34.99, '2020-01-01', '2020-02-29'),
  (13, 39.99, '2020-03-01', '2020-04-30'),
  (14, 0, '2017-07-07', '2018-12-31'),
  (14, 0, '2019-01-01', '2019-02-28'),
  (14, 0, '2019-03-01', '2019-04-30'),
  (15, 40.99, '2023-10-26', '2023-12-31'),
  (15, 39.99, '2024-01-01', '2024-02-29'),
  (15, 44.99, '2024-03-01', '2024-04-30'),
  (16, 3.99, '2018-11-01', '2018-12-31'),
  (16, 3.49, '2019-01-01', '2019-02-28'),
  (16, 3.99, '2019-03-01', '2019-04-30'),
  (17, 17.99, '2015-12-01', '2015-12-31'),
  (17, 15.99, '2016-01-01', '2016-02-29'),
  (17, 19.99, '2016-03-01', '2016-04-30'),
  (18, 11.11, '2016-10-21', '2016-12-31'),
  (18, 13.99, '2017-01-01', '2017-02-28'),
  (18, 15.11, '2017-03-01', '2017-04-30'),
  (19, 18.99, '2021-11-22', '2021-12-31'),
  (19, 17.99, '2022-01-01', '2022-02-28'),
  (19, 19.99, '2022-03-01', '2022-04-30'),
  (20, 9.85, '2012-10-11', '2012-12-31'),
  (20, 8.99, '2013-01-01', '2013-02-28'),
  (20, 9.99, '2013-03-01', '2013-04-30'),
  (21, 66.99, '2023-09-28', '2023-12-31'),
  (21, 64.99, '2024-01-01', '2024-02-29'),
  (21, 69.99, '2024-03-01', '2024-04-30'),
  (22, 36.99, '2016-06-06', '2016-12-31'),
  (22, 34.99, '2017-01-01', '2017-02-28'),
  (22, 39.99, '2017-03-01', '2017-04-30'),
  (23, 7.75, '2023-10-23', '2023-12-31'),
  (23, 7.99, '2024-01-01', '2024-02-29'),
  (23, 9.75, '2024-03-01', '2024-04-30'),
  (24, 0, '2013-03-25', '2014-12-31'),
  (24, 0, '2015-01-01', '2015-02-28'),
  (24, 0, '2015-03-01', '2015-04-30'),
  (25, 17.99, '2016-06-14', '2017-12-31'),
  (25, 14.99, '2018-01-01', '2018-02-28'),
  (25, 19.99, '2018-03-01', '2018-04-30'),
  (26, 53.99, '2020-12-10', '2020-12-31'),
  (26, 49.99, '2021-01-01', '2021-02-28'),
  (26, 59.99, '2021-03-01', '2021-04-30'),
  (27, 12.79, '2017-08-27', '2018-12-31'),
  (27, 12.99, '2019-01-01', '2019-02-28'),
  (27, 14.79, '2019-03-01', '2019-04-30'),
  (28, 0, '2015-07-07', '2016-12-31'),
  (28, 0, '2017-01-01', '2017-02-28'),
  (28, 0, '2017-03-01', '2017-04-30'),
  (29, 21.99, '2013-12-13', '2014-12-31'),
  (29, 19.99, '2015-01-01', '2015-02-28'),
  (29, 22.99, '2015-03-01', '2015-04-30'),
  (30, 0, '2019-10-01', '2020-12-31'),
  (30, 0, '2021-01-01', '2021-02-28'),
  (30, 0, '2021-03-01', '2021-04-30'),
  (31, 35.99, '2021-09-28', '2021-12-31'),
  (31, 34.99, '2022-01-01', '2022-02-28'),
  (31, 37.99, '2022-03-01', '2022-04-30'),
  (32, 0, '2014-09-02', '2014-12-31'),
  (32, 0, '2015-01-01', '2015-02-28'),
  (32, 0, '2015-03-01', '2015-04-30'),
  (33, 11.99, '2016-02-29', '2016-12-31'),
  (33, 12.99, '2017-01-01', '2017-02-28'),
  (33, 13.99, '2017-03-01', '2017-04-30'),
  (34, 11.59, '2022-09-18', '2022-12-31'),
  (34, 10.99, '2023-01-01', '2023-02-28'),
  (34, 11.59, '2023-03-01', '2023-04-30'),
  (35, 18.50, '2013-11-08', '2013-12-31'),
  (35, 17.99, '2014-01-01', '2014-02-28'),
  (35, 19.50, '2014-03-01', '2014-04-30'),
  (36, 9.75, '2011-05-16', '2011-12-31'),
  (36, 8.99, '2012-01-01', '2012-02-29'),
  (36, 9.75, '2012-03-01', '2012-04-30'),
  (37, 7.99, '2013-08-13', '2013-12-31'),
  (37, 8.99, '2014-01-01', '2014-02-28'),
  (37, 9.99, '2014-03-01', '2014-04-30'),
  (38, 0, '2021-08-12', '2021-12-31'),
  (38, 0, '2022-01-01', '2022-02-28'),
  (38, 0, '2022-03-01', '2022-04-30'),
  (39, 18.99, '2021-02-02', '2021-12-31'),
  (39, 17.99, '2022-01-01', '2022-02-28'),
  (39, 19.99, '2022-03-01', '2022-04-30'),
  (40, 0, '2021-08-25', '2021-12-31'),
  (40, 0, '2022-01-01', '2022-02-28'),
  (40, 0, '2022-03-01', '2022-04-30'),
  (41, 45.98, '2019-08-27', '2019-12-31'),
  (41, 47.99, '2020-01-01', '2020-02-28'),
  (41, 49.98, '2020-03-01', '2020-04-30'),
  (42, 9.75, '2006-11-29', '2006-12-31'),
  (42, 8.99, '2007-01-01', '2007-02-28'),
  (42, 9.99, '2007-03-01', '2007-04-30'),
  (43, 58.99, '2022-02-24', '2022-12-31'),
  (43, 55.99, '2023-01-01', '2023-02-28'),
  (43, 59.99, '2023-03-01', '2023-04-30'),
  (44, 59.99, '2019-12-05', '2019-12-31'),
  (44, 57.99, '2020-01-01', '2020-02-28'),
  (44, 59.99, '2020-03-01', '2020-04-30'),
  (45, 9.80, '2014-02-18', '2014-12-31'),
  (45, 8.99, '2015-01-01', '2015-02-28'),
  (45, 9.99, '2015-03-01', '2015-04-30'),
  (46, 28.99, '2020-06-08', '2020-12-31'),
  (46, 27.99, '2021-01-01', '2021-02-28'),
  (46, 29.99, '2021-03-01', '2021-04-30'),
  (47, 57.99, '2022-11-11', '2022-12-31'),
  (47, 55.99, '2023-01-01', '2023-02-28'),
  (47, 59.99, '2023-03-01', '2023-04-30'),
  (48, 34.99, '2013-08-13', '2013-12-31'),
  (48, 38.99, '2014-01-01', '2014-02-28'),
  (48, 39.99, '2014-03-01', '2014-04-30'),
  (49, 39.99, '2016-10-28', '2016-12-31'),
  (49, 38.99, '2017-01-01', '2017-02-28'),
  (49, 39.99, '2017-03-01', '2017-04-30'),
  (50, 49.99, '2023-10-24', '2023-12-31'),
  (50, 48.99, '2024-01-01', '2024-02-28'),
  (50, 49.99, '2024-03-01', '2024-04-30');

-- User
INSERT INTO User (user_ID, nome, email, password, data_entrada, descricao)
VALUES
  (1, 'JohnDoe', 'john.doe@email.com', 'password123', '2021-01-15', 'Gamer since the early days, always looking for new challenges.'),
    (2, 'GamingMaster', 'gaming.master@email.com', 'securepass456', '2021-02-20', 'Professional gamer striving for excellence.'),
    (3, 'EpicPlayer99', 'epic.player99@email.com', 'epicpass789', '2021-03-10', 'Embarking on epic adventures in virtual worlds.'),
    (4, 'TechGeek', 'tech.geek@email.com', 'geekypass321', '2021-04-05', 'Passionate about the latest gaming technology.'),
    (5, 'AdventureSeeker', 'adventure.seeker@email.com', 'adventurepass777', '2021-05-12', 'Always ready for a new gaming journey.'),
    (6, 'StrategyMastermind', 'strategy.master@email.com', 'strategypass888', '2021-06-18', 'Mastering strategies in every game.'),
    (7, 'PixelExplorer', 'pixel.explorer@email.com', 'pixelpass555', '2021-07-25', 'Exploring the beauty of pixelated worlds.'),
    (8, 'CasualGamer123', 'casual.gamer@email.com', 'casualpass432', '2021-08-30', 'Enjoying games in a relaxed way.'),
    (9, 'SpeedRunnerX', 'speed.runner@email.com', 'speedrunpass999', '2021-09-12', 'Setting records through speedy gameplay.'),
    (10, 'QuestConqueror', 'quest.conqueror@email.com', 'questpass111', '2021-10-18', 'Conquering quests one game at a time.'),
    (11, 'VirtualExplorer', 'virtual.explorer@email.com', 'virtualpass777', '2021-11-22', 'Navigating virtual realms with enthusiasm.'),
    (12, 'ConsoleGuru', 'console.guru@email.com', 'consolepass444', '2021-12-28', 'Mastering various gaming consoles.'),
    (13, 'PCMasterRace', 'pc.master@email.com', 'pcpass123', '2022-01-05', 'Dedicated to the glory of PC gaming.'),
    (14, 'RetroGamingFan', 'retro.gamer@email.com', 'retropass321', '2022-02-10', 'Nostalgic for the classics.'),
    (15, 'MultiplayerChampion', 'multiplayer.champion@email.com', 'multiplayerpass999', '2022-03-18', 'Dominating in multiplayer arenas.'),
    (16, 'CreativeBuilder', 'creative.builder@email.com', 'creativepass888', '2022-04-22', 'Building unique worlds and structures.'),
    (17, 'TeamPlayer123', 'team.player@email.com', 'teamplayerpass777', '2022-05-29', 'Thriving in team-based gameplay.'),
    (18, 'VRAdventurer', 'vr.adventurer@email.com', 'vrpass555', '2022-06-15', 'Embarking on virtual reality quests.'),
    (19, 'MobileGamerX', 'mobile.gamer@email.com', 'mobilepass432', '2022-07-01', 'Gaming on the go with mobile devices.'),
    (20, 'StealthGamer', 'stealth.gamer@email.com', 'stealthpass111', '2022-08-08', 'Mastering the art of stealth in games.'),
    (21, 'IndieGameEnthusiast', 'indie.game@email.com', 'indiepass777', '2022-09-14', 'Exploring the diverse world of indie games.'),
    (22, 'PuzzleSolverX', 'puzzle.solver@email.com', 'puzzlepass444', '2022-10-20', 'Solving gaming puzzles with precision.'),
    (23, 'MusicGamer', 'music.gamer@email.com', 'musicpass123', '2022-11-26', 'Syncing gaming with a love for music.'),
    (24, 'CosplayGamer', 'cosplay.gamer@email.com', 'cosplaypass321', '2022-12-03', 'Bringing virtual characters to life through cosplay.'),
    (25, 'ExplorationExpert', 'exploration.expert@email.com', 'explorationpass999', '2023-01-09', 'Expertly exploring every gaming landscape.'),
    (26, 'SocialGamer', 'social.gamer@email.com', 'socialpass888', '2023-02-15', 'Connecting with others through gaming.'),
    (27, 'SciFiFanatic', 'scifi.fan@email.com', 'scifipass777', '2023-03-22', 'Diving into the futuristic worlds of sci-fi games.'),
    (28, 'FantasyQuester', 'fantasy.quest@email.com', 'fantasypass555', '2023-04-28', 'Embarking on fantastical gaming quests.'),
    (29, 'HorrorGamerX', 'horror.gamer@email.com', 'horrorpass432', '2023-05-05', 'Thriving on the adrenaline of horror games.'),
    (30, 'SimulatorMaestro', 'simulator.maestro@email.com', 'simulatorpass111', '2023-06-11', 'Mastering various simulation games.'),
    (31, 'eSportsChampion', 'esports.champion@email.com', 'esportspass777', '2023-07-17', 'Championing in the world of eSports.'),
    (32, 'AnimalCrosser', 'animal.crosser@email.com', 'animalpass444', '2023-08-24', 'Creating a virtual paradise in Animal Crossing.'),
    (33, 'StrategicCommander', 'strategic.commander@email.com', 'strategicpass123', '2023-09-30', 'Commanding with strategy in every game.'),
    (34, 'TacticalGamerX', 'tactical.gamer@email.com', 'tacticalpass999', '2023-10-06', 'Executing tactical maneuvers with precision.'),
    (35, 'MysterySolver123', 'mystery.solver@email.com', 'mysterypass888', '2023-11-12', 'Unraveling mysteries in the gaming world.'),
    (36, 'ActionHeroX', 'action.hero@email.com', 'actionpass777', '2022-12-18', 'Becoming the hero in action-packed games.'),
    (37, 'FarmingEnthusiast', 'farming.enthusiast@email.com', 'farmingpass555', '2022-01-24', 'Tending virtual crops in farming simulations.'),
    (38, 'RacingProX', 'racing.pro@email.com', 'racingpass432', '2020-02-29', 'Zooming to victory in virtual races.'),
    (39, 'SpaceExplorerX', 'space.explorer@email.com', 'spacepass111', '2021-03-06', 'Embarking on intergalactic adventures.'),
    (40, 'HistoricalGamer', 'historical.gamer@email.com', 'historicalpass777', '2019-04-12', 'Experiencing history through gaming.'),
    (41, 'MagicSpellcaster', 'magic.spellcaster@email.com', 'magicpass444', '2019-05-18', 'Casting magical spells in fantastical realms.'),
    (42, 'SurvivalistGamer', 'survivalist.gamer@email.com', 'survivalpass123', '2022-06-24', 'Surviving and thriving in virtual wilderness.'),
    (43, 'ComedyGamerX', 'comedy.gamer@email.com', 'comedypass999', '2023-07-30', 'Bringing laughter to the gaming world.'),
    (44, 'SciFiStrategyMaster', 'scifi.strategy@email.com', 'scifistrategypass888', '2023-08-05', 'Mastering strategy in futuristic settings.'),
    (45, 'ChessMasterX', 'chess.master@email.com', 'chesspass777', '2017-09-11', 'Conquering opponents in the game of chess.'),
    (46, 'VirtualPhotographer', 'virtual.photographer@email.com', 'virtualphotopass555', '2019-10-17', 'Capturing virtual moments through photography.'),
    (47, 'GamingChef', 'gaming.chef@email.com', 'gamingchefpass432', '2022-11-23', 'Cooking up virtual delights in gaming worlds.'),
    (48, 'SuperHeroAdventurer', 'superhero.adventurer@email.com', 'superheropass111', '2021-12-29', 'Embarking on heroic adventures in virtual realms.'),
    (49, 'WildWestGunslinger', 'wildwest.gunslinger@email.com', 'wildwestpass777', '2021-01-04', 'Living the wild west experience in gaming.'),
    (50, 'TechInnovatorX', 'tech.innovator@email.com', 'techinnovatorpass444', '2021-02-10', 'Innovating with technology in the gaming industry.');

-- Review
INSERT INTO Review (rev_ID, texto, rating_review, data_publicacao, game_ID, user_ID)
VALUES
   (1, 'Great game! Loved the storyline and graphics.', 5, '2023-03-10', 1, 1),
  (2, 'Challenging but rewarding gameplay.', 4, '2023-04-15', 2, 3),
  (3, 'The soundtrack is amazing. A must-play for music lovers.', 5, '2023-05-20', 3, 5),
  (4, 'Solid multiplayer experience. Enjoyed playing with friends.', 4, '2023-06-25', 4, 7),
  (5, 'Innovative game mechanics. Keeps you engaged throughout.', 5, '2023-07-30', 5, 9),
  (6, 'A bit too repetitive, but the graphics are stunning.', 3, '2023-09-05', 6, 11),
  (7, 'Excellent storyline and character development.', 5, '2023-10-10', 7, 13),
  (8, 'Fun for casual gaming sessions. Good for unwinding.', 4, '2023-11-15', 8, 15),
  (9, 'Unique and creative. A gem in the indie gaming scene.', 5, '2022-12-20', 9, 17),
  (10, 'Not my cup of tea. Too much focus on virtual reality.', 2, '2023-01-25', 10, 19),
  (11, 'Outstanding graphics. A masterpiece in open-world gaming.', 5, '2023-03-01', 11, 21),
  (12, 'A classic that never gets old. Nostalgia at its best.', 5, '2023-04-05', 12, 23),
  (13, 'Enjoyable with friends. Great for multiplayer gaming.', 4, '2023-05-10', 13, 25),
  (14, 'Captivating plot twists. Keeps you on the edge of your seat.', 5, '2023-06-15', 14, 27),
  (15, 'Strategic depth and complexity. Perfect for strategy enthusiasts.', 5, '2023-07-20', 15, 29),
  (16, 'Impressive graphics and attention to historical detail.', 4, '2023-08-25', 16, 31),
  (17, 'Thrilling horror experience. Heart-pounding moments.', 5, '2023-10-01', 17, 33),
  (18, 'Relaxing and immersive farming simulation.', 4, '2023-11-05', 18, 35),
  (19, 'Fast-paced racing action. A must for racing game fans.', 5, '2022-12-10', 19, 37),
  (20, 'Exploring space has never been this fun. A cosmic adventure.', 5, '2023-01-15', 20, 39),
  (21, 'Educational and entertaining. History comes to life.', 4, '2023-02-20', 21, 41),
  (22, 'Casting spells and defeating magical creatures is a blast.', 5, '2023-03-27', 22, 43),
  (23, 'Survival at its best. Every decision matters.', 4, '2023-05-01', 23, 45),
  (24, 'Hilarious and quirky. A comedy lover’s dream game.', 5, '2023-06-06', 24, 47),
  (25, 'Sci-fi strategy done right. A thinking gamer’s delight.', 5, '2023-07-11', 25, 49),
  (26, 'Strategic chess battles. A challenging but rewarding experience.', 4, '2023-08-16', 26, 2),
  (27, 'Capturing virtual moments is surprisingly satisfying.', 5, '2023-09-21', 27, 4),
  (28, 'Cooking up virtual delights is both fun and mouth-watering.', 4, '2023-10-26', 28, 6),
  (29, 'Becoming a superhero in virtual realms is empowering.', 5, '2023-12-01', 29, 8),
  (30, 'Reliving the wild west experience is both thrilling and nostalgic.', 4, '2023-01-06', 30, 10),
  (31, 'Innovating with technology in the gaming industry is mind-blowing.', 5, '2023-02-10', 31, 12),
  (32, 'Engaging in virtual sports competitions is intense and exciting.', 4, '2023-03-17', 32, 14),
  (33, 'Building and managing a virtual farm is oddly satisfying.', 5, '2023-04-21', 33, 16),
  (34, 'Racing to victory in virtual competitions is pure adrenaline.', 5, '2023-05-26', 34, 18),
  (35, 'Embarking on intergalactic adventures is a space lover’s dream.', 4, '2023-06-30', 35, 20),
  (36, 'Experiencing historical events through gaming is both fun and educational.', 5, '2023-08-05', 36, 22),
  (37, 'Casting magical spells in fantastical realms is enchanting.', 5, '2023-09-09', 37, 24),
  (38, 'Surviving and thriving in virtual wilderness is a true test of skills.', 4, '2023-10-14', 38, 26),
  (39, 'Bringing laughter to the gaming world through comedy is refreshing.', 5, '2023-11-18', 39, 28),
  (40, 'Mastering strategy in futuristic settings is a thinking gamer’s delight.', 5, '2022-12-23', 40, 30),
  (41, 'Conquering opponents in the game of chess is both challenging and rewarding.', 4, '2023-01-27', 41, 32),
  (42, 'Capturing virtual moments through photography is surprisingly satisfying.', 5, '2023-03-04', 42, 34),
  (43, 'Cooking up virtual delights in gaming worlds is both fun and mouth-watering.', 4, '2023-04-08', 43, 36),
  (44, 'Embarking on heroic adventures in virtual realms is empowering.', 5, '2023-05-13', 44, 38),
  (45, 'Living the wild west experience in gaming is both thrilling and nostalgic.', 4, '2023-06-17', 45, 40),
  (46, 'Innovating with technology in the gaming industry is mind-blowing.', 5, '2023-07-22', 46, 42),
  (47, 'Engaging in virtual sports competitions is intense and exciting.', 4, '2023-08-26', 47, 44),
  (48, 'Building and managing a virtual farm is oddly satisfying.', 5, '2023-09-30', 48, 46),
  (49, 'Racing to victory in virtual competitions is pure adrenaline.', 5, '2023-11-05', 49, 48),
  (50, 'Embarking on intergalactic adventures is a space lover’s dream.', 4, '2023-12-10', 50, 50),
  (51, 'Addictive gameplay. Couldn’t put it down!', 5, '2023-01-15', 21, 1),
  (52, 'Interesting plot twists. Keeps you guessing.', 4, '2023-02-20', 22, 3),
  (53, 'Multiplayer chaos. A blast with friends!', 5, '2023-03-27', 23, 5),
  (54, 'Great visuals, but the story falls short.', 3, '2023-05-01', 24, 7),
  (55, 'Immersive world-building. A fantasy lover’s dream.', 5, '2023-06-06', 25, 9),
  (56, 'Unexpectedly fun. Didn’t expect to enjoy it this much.', 4, '2023-07-11', 26, 11),
  (57, 'Classic RPG elements. A journey worth taking.', 5, '2023-08-16', 27, 13),
  (58, 'Intense action and gripping story. A solid combination.', 4, '2023-09-21', 28, 15),
  (59, 'Strategic decisions matter. Keeps you on your toes.', 5, '2023-10-26', 29, 17),
  (60, 'Not my genre, but I can appreciate the creativity.', 3, '2022-12-01', 30, 19),
  (61, 'Graphics beyond compare. A visual masterpiece.', 5, '2023-01-06', 31, 21),
  (62, 'Nostalgic journey. Reminds me of the good old days.', 5, '2023-02-10', 32, 23),
  (63, 'Fast-paced and thrilling. Adrenaline at every turn.', 4, '2023-03-17', 33, 25),
  (64, 'Entertaining and humorous. Great for a good laugh.', 5, '2023-04-21', 34, 27),
  (65, 'Deep strategy elements. A thinking gamer’s delight.', 5, '2023-05-26', 35, 29),
  (66, 'Impressive historical accuracy. Educational and fun.', 4, '2023-06-30', 36, 31),
  (67, 'Magical world with fantastic creatures. Enchanting.', 5, '2023-08-05', 37, 33),
  (68, 'Survival challenge. Every decision counts.', 4, '2023-09-09', 38, 35),
  (69, 'Laugh-out-loud humor. Quirky and enjoyable.', 5, '2023-10-14', 39, 37),
  (70, 'Futuristic strategy at its best. A must-play.', 5, '2023-11-18', 40, 39),
  (71, 'Chess with a twist. Challenging and fun.', 4, '2022-12-23', 41, 41),
  (72, 'Capturing virtual moments is oddly satisfying.', 5, '2023-01-27', 42, 43),
  (73, 'Cooking up virtual delights is both fun and mouth-watering.', 4, '2023-03-04', 43, 45),
  (74, 'Superhero fantasy fulfilled. Empowering and exciting.', 5, '2023-04-08', 44, 47),
  (75, 'Wild west adventure. Thrilling and nostalgic.', 4, '2023-05-13', 45, 49),
  (76, 'Mind-blowing technology in gaming. Innovation at its peak.', 5, '2023-06-17', 46, 2),
  (77, 'Intense sports competition. Heart-pounding excitement.', 4, '2023-07-22', 47, 4),
  (78, 'Virtual farming satisfaction. Oddly therapeutic.', 5, '2023-08-26', 48, 6),
  (79, 'Racing to victory is a pure adrenaline rush.', 5, '2023-09-30', 49, 8),
  (80, 'Space exploration dreams come true. Cosmic adventure.', 4, '2023-11-05', 50, 10),
  (81, 'Educational and entertaining history lesson.', 5, '2022-12-10', 1, 12),
  (82, 'Magical spells and fantastical realms enchanting as ever.', 5, '2023-01-15', 2, 14),
  (83, 'Survival in virtual wilderness is a true test of skills.', 4, '2023-02-20', 3, 16),
  (84, 'Refreshing laughter in the gaming world. Comedy done right.', 5, '2023-03-27', 4, 18),
  (85, 'Strategy mastery in futuristic settings. A thinking gamer’s delight.', 5, '2023-05-01', 5, 20),
  (86, 'Chess battles with strategic depth. Challenging and rewarding.', 4, '2023-06-06', 6, 22),
  (87, 'Virtual moments captured beautifully.', 5, '2023-07-11', 7, 24),
  (88, 'Virtual delights that are both fun and mouth-watering.', 4, '2023-08-16', 8, 26),
  (89, 'Superhero empowerment in virtual realms.', 5, '2023-09-21', 9, 28),
  (90, 'Wild west thrill and nostalgia.', 4, '2033-10-26', 10, 30),
  (91, 'Mind-blowing gaming technology.', 5, '2022-12-01', 11, 32),
  (92, 'Intense virtual sports competition.', 4, '2023-01-06', 12, 34),
  (93, 'Virtual farming oddly satisfying.', 5, '2023-02-10', 13, 36),
  (94, 'Racing to victory in virtual competitions.', 5, '2023-03-17', 14, 38),
  (95, 'Intergalactic adventures for space lovers.', 4, '2023-04-21', 15, 40),
  (96, 'Historical events come to life in gaming.', 5, '2023-05-26', 16, 42);

-- Achievement
INSERT INTO Achievement (achiev_ID, nome, hidden_?, game_ID)
VALUES
  (1, 'Mestre das Headshots em Counter-Strike 2', 0, 1),
  (2, 'Guardião dos Ancients em Dota 2', 0, 2),
  (3, 'Sobrevivente Supremo em PUBG: BATTLEGROUNDS', 0, 3),
  (4, 'Herói Moderno em Call of Duty®: Modern Warfare® III', 0, 4),
  (5, 'Lorde de Baldur’s Gate 3', 1, 5),
  (6, 'Lenda de Apex Legends™', 0, 6),
  (7, 'Rei de Rust', 1, 7),
  (8, 'Crimes Grandes em Grand Theft Auto V', 0, 8),
  (9, 'Descobridor em Lost Ark', 0, 9),
  (10, 'Mestre Tático em Football Manager 2024', 0, 10),
  (11, 'Ás dos Céus em War Thunder', 1, 11),
  (12, 'Mestre dos Chapéus em Team Fortress 2', 0, 12),
  (13, 'Sobrevivente em DayZ', 0, 13),
  (14, 'Imortal em Unturned', 1, 14),
  (15, 'Senhor da ARK em ARK: Survival Ascended', 0, 15),
  (16, 'Artista do Wallpaper em Wallpaper Engine', 0, 16),
  (17, 'Estratega em Tom Clancy’s Rainbow Six® Siege', 0, 17),
  (18, 'Imperador em Sid Meier’s Civilization® VI', 1, 18),
  (19, 'Fazendeiro Supremo em Farming Simulator 22', 1, 19),
  (20, 'Rei das Estradas em Euro Truck Simulator 2', 1, 20),
  (21, 'Campeão em EA SPORTS FC™ 24', 0, 21),
  (22, 'Mestre da Guerra em Hearts of Iron IV', 0, 22),
  (23, 'Caçador Letal em Lethal Company', 1, 23),
  (24, 'Warframe Despertado em Warframe', 0, 24),
  (25, 'Caçador Mortal em Dead by Daylight', 0, 25),
  (26, 'Mercenário do Futuro em Cyberpunk 2077', 1, 26),
  (27, 'Domador de Dinossauros em ARK: Survival Evolved', 1, 27),
  (28, 'Mestre da Bola em Rocket League', 0, 28),
  (29, 'Sobrevivente Experiente em 7 Days to Die', 0, 29),
  (30, 'Guardião da Última Cidade em Destiny 2', 1, 30),
  (31, 'Pioneiro de Aeternum em New World', 0, 31),
  (32, 'Arquiteto Virtual em The Sims™ 4', 1, 32),
  (33, 'Fazendeiro Prodigioso em Stardew Valley', 0, 33),
  (34, 'Caçador de Fantasmas em Phasmophobia', 0, 34),
  (35, 'Sobrevivente Zumbi em Project Zomboid', 0, 35),
  (36, 'Construtor em Terraria', 1, 36),
  (37, 'Mestre dos Golpes em PAYDAY 2', 0, 37),
  (38, 'Lâmina Mortal em NARAKA: BLADEPOINT', 1, 38),
  (39, 'Conquistador de Valheim', 0, 39),
  (40, 'Mestre das Lutas em MIR4', 0, 40),
  (41, 'Caçador de Monstros em Hunt: Showdown', 1, 41),
  (42, 'Mestre do GMod em Garry’s Mod', 0, 42),
  (43, 'Erguido pela Elden Ring em ELDEN RING', 0, 43),
  (44, 'Fora da Lei em Red Dead Redemption 2', 0, 44),
  (45, 'Herói de Eorzea em FINAL FANTASY XIV Online', 0, 45),
  (46, 'Construtor Satisfatório em Satisfactory', 0, 46),
  (47, 'Explorador Espacial em Starfield', 0, 47),
  (48, 'Imperador Global em Europa Universalis IV', 1, 48),
  (49, 'Dragonborn em The Elder Scrolls V: Skyrim Special Edition', 1, 49),
  (50, 'Arquiteto Urbano em Cities: Skylines II', 0, 50);

-- Updates
INSERT INTO Updates (tipo_ID, nome_tipo)
VALUES
  (1, 'Patch 1.1'),
  (2, 'Season 3: Battle Pass'),
  (3, 'Expansion: New Horizons'),
  (4, 'Title Update #5'),
  (5, 'Content Update: The Lost Ark'),
  (6, 'Gameplay Update: Tactical Overhaul'),
  (7, 'Map Expansion: Desert Wasteland'),
  (8, 'Heist Update: The Big Score'),
  (9, 'Story DLC: Tales of Aeternum'),
  (10, 'Performance Optimization Patch'),
  (11, 'Map Revamp: Europe Remastered'),
  (12, 'Farming Simulator Update: Harvest Festival'),
  (13, 'Euro Truck Simulator Expansion: Nordic Roads'),
  (14, 'FIFA 25th Anniversary Update'),
  (15, 'Expansion: Age of Exploration'),
  (16, 'Co-op Mode: Scavenger Hunt'),
  (17, 'Warframe: Rise of the Sentients'),
  (18, 'Dead by Daylight: The Entity Strikes Back'),
  (19, 'Cyberpunk 2078 Expansion: Night City Chronicles'),
  (20, 'ARK: Survival Evolved Genesis Part 2'),
  (21, 'Rocket League: Turbocharged Update'),
  (22, '7 Days to Die Alpha 20'),
  (23, 'Destiny 2: Season of the Ancients'),
  (24, 'New World: The Shattered Kingdoms'),
  (25, 'The Sims 5: Virtual Reality Experience'),
  (26, 'Stardew Valley Multiplayer Update'),
  (27, 'Phasmophobia: Haunting at Moonlight Manor'),
  (28, 'Project Zomboid: Survival Stories'),
  (29, 'Terraria: Journey’s End'),
  (30, 'PAYDAY 3: Crime Wave'),
  (31, 'NARAKA: BLADEPOINT Battle Pass Season 2'),
  (32, 'Valheim: Viking Raiders Update'),
  (33, 'MIR5: Rise of the Phoenix'),
  (34, 'Hunt: Showdown - Nightfall Chronicles'),
  (35, 'Garry’s Mod: Creative Chaos'),
  (36, 'ELDEN RING: The Elden Bloodlines'),
  (37, 'Red Dead Redemption 3: Outlaws Unleashed'),
  (38, 'FINAL FANTASY XV Online: Visions of Eorzea'),
  (39, 'Satisfactory: Galactic Expansion'),
  (40, 'Starfield: Galactic Odyssey'),
  (41, 'Europa Universalis V: Age of Enlightenment'),
  (42, 'The Elder Scrolls VI: Kingdoms at War'),
  (43, 'Cities: Skylines III: Urban Renaissance');

-- Possui
INSERT INTO Possui (game_ID, tipo_ID, data)
VALUES
  (1, 1, '2023-01-15'),
  (2, 3, '2023-02-10'),
  (3, 5, '2023-03-25'),
  (4, 4, '2022-11-05'),
  (5, 9, '2023-04-05'),
  (6, 10, '2022-12-20'),
  (7, 11, '2023-02-28'),
  (8, 8, '2023-05-10'),
  (9, 6, '2022-09-12'),
  (10, 17, '2023-04-15'),
  (11, 18, '2022-10-25'),
  (12, 19, '2023-05-20'),
  (13, 20, '2023-01-05'),
  (14, 21, '2022-12-15'),
  (15, 22, '2023-03-01'),
  (16, 23, '2023-04-10'),
  (17, 24, '2023-06-05'),
  (18, 25, '2022-11-20'),
  (19, 26, '2023-05-12'),
  (20, 27, '2023-06-30'),
  (21, 28, '2022-10-08'),
  (22, 29, '2023-04-25'),
  (23, 30, '2023-07-05'),
  (24, 31, '2022-09-15'),
  (25, 32, '2023-05-05'),
  (26, 33, '2023-06-20'),
  (27, 34, '2022-10-30'),
  (28, 35, '2023-05-15'),
  (29, 36, '2023-06-12'),
  (30, 37, '2022-12-10'),
  (31, 38, '2023-05-30'),
  (32, 39, '2023-08-10'),
  (33, 40, '2023-07-22'),
  (34, 41, '2023-06-15'),
  (35, 42, '2023-08-05'),
  (36, 43, '2023-09-18'),
  (37, 44, '2023-10-02'),
  (38, 45, '2023-11-08'),
  (39, 46, '2023-12-15'),
  (40, 47, '2023-11-22'),
  (41, 48, '2023-01-05'),
  (42, 49, '2023-02-10'),
  (43, 50, '2023-12-28');